file,line,type,commit,author,date,time,timezone,datetime,depth,length
style.css,1,css,e295b9df,Khaleel Karim,2025-04-11,18:25:32,-07:00,2025-04-11T18:25:32-07:00,0,5
style.css,2,css,e295b9df,Khaleel Karim,2025-04-11,18:25:32,-07:00,2025-04-11T18:25:32-07:00,0,32
style.css,3,css,e295b9df,Khaleel Karim,2025-04-11,18:25:32,-07:00,2025-04-11T18:25:32-07:00,0,33
style.css,4,css,90cef5d3,Khaleel Karim,2025-04-18,17:38:58,-07:00,2025-04-18T17:38:58-07:00,0,18
style.css,5,css,e295b9df,Khaleel Karim,2025-04-11,18:25:32,-07:00,2025-04-11T18:25:32-07:00,0,0
style.css,6,css,e295b9df,Khaleel Karim,2025-04-11,18:25:32,-07:00,2025-04-11T18:25:32-07:00,0,0
style.css,7,css,f3331261,Khaleel Karim,2025-04-02,15:48:40,-07:00,2025-04-02T15:48:40-07:00,0,5
style.css,8,css,f3331261,Khaleel Karim,2025-04-02,15:48:40,-07:00,2025-04-02T15:48:40-07:00,0,44
style.css,9,css,f3331261,Khaleel Karim,2025-04-02,15:48:40,-07:00,2025-04-02T15:48:40-07:00,0,43
style.css,10,css,f3331261,Khaleel Karim,2025-04-02,15:48:40,-07:00,2025-04-02T15:48:40-07:00,0,1
style.css,11,css,f3331261,Khaleel Karim,2025-04-02,15:48:40,-07:00,2025-04-02T15:48:40-07:00,0,24
style.css,12,css,7d4b229f,Khaleel Karim,2025-04-11,17:56:50,-07:00,2025-04-11T17:56:50-07:00,0,16
style.css,13,css,7d4b229f,Khaleel Karim,2025-04-11,17:56:50,-07:00,2025-04-11T17:56:50-07:00,0,19
style.css,14,css,7d4b229f,Khaleel Karim,2025-04-11,17:56:50,-07:00,2025-04-11T17:56:50-07:00,0,19
style.css,15,css,e732a717,Khaleel Karim,2025-04-11,18:11:21,-07:00,2025-04-11T18:11:21-07:00,0,0
style.css,16,css,e732a717,Khaleel Karim,2025-04-11,18:11:21,-07:00,2025-04-11T18:11:21-07:00,0,0
style.css,17,css,ab437383,Khaleel Karim,2025-05-03,11:21:18,-07:00,2025-05-03T11:21:18-07:00,0,15
style.css,18,css,ab437383,Khaleel Karim,2025-05-03,11:21:18,-07:00,2025-05-03T11:21:18-07:00,0,15
style.css,19,css,ab437383,Khaleel Karim,2025-05-03,11:21:18,-07:00,2025-05-03T11:21:18-07:00,0,17
style.css,20,css,ab437383,Khaleel Karim,2025-05-03,11:21:18,-07:00,2025-05-03T11:21:18-07:00,0,0
style.css,21,css,ab437383,Khaleel Karim,2025-05-03,11:21:18,-07:00,2025-05-03T11:21:18-07:00,0,17
style.css,22,css,ab437383,Khaleel Karim,2025-05-03,11:21:18,-07:00,2025-05-03T11:21:18-07:00,0,0
style.css,23,css,ab437383,Khaleel Karim,2025-05-03,11:21:18,-07:00,2025-05-03T11:21:18-07:00,0,0
style.css,24,css,3623a482,Khaleel Karim,2025-05-03,11:44:57,-07:00,2025-05-03T11:44:57-07:00,0,14
style.css,25,css,3623a482,Khaleel Karim,2025-05-03,11:44:57,-07:00,2025-05-03T11:44:57-07:00,0,13
style.css,26,css,3623a482,Khaleel Karim,2025-05-03,11:44:57,-07:00,2025-05-03T11:44:57-07:00,0,63
style.css,27,css,3623a482,Khaleel Karim,2025-05-03,11:44:57,-07:00,2025-05-03T11:44:57-07:00,0,44
style.css,28,css,3623a482,Khaleel Karim,2025-05-03,11:44:57,-07:00,2025-05-03T11:44:57-07:00,0,56
style.css,29,css,3623a482,Khaleel Karim,2025-05-03,11:44:57,-07:00,2025-05-03T11:44:57-07:00,0,59
style.css,30,css,3623a482,Khaleel Karim,2025-05-03,11:44:57,-07:00,2025-05-03T11:44:57-07:00,0,13
style.css,31,css,3623a482,Khaleel Karim,2025-05-03,11:44:57,-07:00,2025-05-03T11:44:57-07:00,0,69
style.css,32,css,3623a482,Khaleel Karim,2025-05-03,11:44:57,-07:00,2025-05-03T11:44:57-07:00,0,0
style.css,33,css,ab437383,Khaleel Karim,2025-05-03,11:21:18,-07:00,2025-05-03T11:21:18-07:00,0,8
style.css,34,css,ab437383,Khaleel Karim,2025-05-03,11:21:18,-07:00,2025-05-03T11:21:18-07:00,0,46
style.css,35,css,3623a482,Khaleel Karim,2025-05-03,11:44:57,-07:00,2025-05-03T11:44:57-07:00,0,58
style.css,36,css,ab437383,Khaleel Karim,2025-05-03,11:21:18,-07:00,2025-05-03T11:21:18-07:00,0,41
style.css,37,css,ab437383,Khaleel Karim,2025-05-03,11:21:18,-07:00,2025-05-03T11:21:18-07:00,0,51
style.css,38,css,ab437383,Khaleel Karim,2025-05-03,11:21:18,-07:00,2025-05-03T11:21:18-07:00,0,52
style.css,39,css,3623a482,Khaleel Karim,2025-05-03,11:44:57,-07:00,2025-05-03T11:44:57-07:00,0,38
style.css,40,css,ab437383,Khaleel Karim,2025-05-03,11:21:18,-07:00,2025-05-03T11:21:18-07:00,0,62
style.css,41,css,ab437383,Khaleel Karim,2025-05-03,11:21:18,-07:00,2025-05-03T11:21:18-07:00,0,54
style.css,42,css,ab437383,Khaleel Karim,2025-05-03,11:21:18,-07:00,2025-05-03T11:21:18-07:00,0,60
style.css,43,css,ab437383,Khaleel Karim,2025-05-03,11:21:18,-07:00,2025-05-03T11:21:18-07:00,0,76
style.css,44,css,3623a482,Khaleel Karim,2025-05-03,11:44:57,-07:00,2025-05-03T11:44:57-07:00,0,56
style.css,45,css,ab437383,Khaleel Karim,2025-05-03,11:21:18,-07:00,2025-05-03T11:21:18-07:00,0,0
style.css,46,css,3623a482,Khaleel Karim,2025-05-03,11:44:57,-07:00,2025-05-03T11:44:57-07:00,0,0
style.css,47,css,ab437383,Khaleel Karim,2025-05-03,11:21:18,-07:00,2025-05-03T11:21:18-07:00,0,11
style.css,48,css,ab437383,Khaleel Karim,2025-05-03,11:21:18,-07:00,2025-05-03T11:21:18-07:00,0,54
style.css,49,css,ab437383,Khaleel Karim,2025-05-03,11:21:18,-07:00,2025-05-03T11:21:18-07:00,0,49
style.css,50,css,ab437383,Khaleel Karim,2025-05-03,11:21:18,-07:00,2025-05-03T11:21:18-07:00,0,50
style.css,51,css,ab437383,Khaleel Karim,2025-05-03,11:21:18,-07:00,2025-05-03T11:21:18-07:00,0,12
style.css,52,css,3623a482,Khaleel Karim,2025-05-03,11:44:57,-07:00,2025-05-03T11:44:57-07:00,0,51
style.css,53,css,3623a482,Khaleel Karim,2025-05-03,11:44:57,-07:00,2025-05-03T11:44:57-07:00,0,56
style.css,54,css,ab437383,Khaleel Karim,2025-05-03,11:21:18,-07:00,2025-05-03T11:21:18-07:00,0,0
style.css,55,css,3623a482,Khaleel Karim,2025-05-03,11:44:57,-07:00,2025-05-03T11:44:57-07:00,0,0
style.css,56,css,ab437383,Khaleel Karim,2025-05-03,11:21:18,-07:00,2025-05-03T11:21:18-07:00,0,16
style.css,57,css,ab437383,Khaleel Karim,2025-05-03,11:21:18,-07:00,2025-05-03T11:21:18-07:00,0,41
style.css,58,css,ab437383,Khaleel Karim,2025-05-03,11:21:18,-07:00,2025-05-03T11:21:18-07:00,0,43
style.css,59,css,ab437383,Khaleel Karim,2025-05-03,11:21:18,-07:00,2025-05-03T11:21:18-07:00,0,74
style.css,60,css,ab437383,Khaleel Karim,2025-05-03,11:21:18,-07:00,2025-05-03T11:21:18-07:00,0,49
style.css,61,css,ab437383,Khaleel Karim,2025-05-03,11:21:18,-07:00,2025-05-03T11:21:18-07:00,0,73
style.css,62,css,ab437383,Khaleel Karim,2025-05-03,11:21:18,-07:00,2025-05-03T11:21:18-07:00,0,0
style.css,63,css,ab437383,Khaleel Karim,2025-05-03,11:21:18,-07:00,2025-05-03T11:21:18-07:00,0,0
style.css,64,css,e732a717,Khaleel Karim,2025-04-11,18:11:21,-07:00,2025-04-11T18:11:21-07:00,0,4
style.css,65,css,e732a717,Khaleel Karim,2025-04-11,18:11:21,-07:00,2025-04-11T18:11:21-07:00,0,13
style.css,66,css,e732a717,Khaleel Karim,2025-04-11,18:11:21,-07:00,2025-04-11T18:11:21-07:00,0,18
style.css,67,css,e732a717,Khaleel Karim,2025-04-11,18:11:21,-07:00,2025-04-11T18:11:21-07:00,0,24
style.css,68,css,e732a717,Khaleel Karim,2025-04-11,18:11:21,-07:00,2025-04-11T18:11:21-07:00,0,26
style.css,69,css,90cef5d3,Khaleel Karim,2025-04-18,17:38:58,-07:00,2025-04-18T17:38:58-07:00,0,40
style.css,70,css,90cef5d3,Khaleel Karim,2025-04-18,17:38:58,-07:00,2025-04-18T17:38:58-07:00,0,40
style.css,71,css,e732a717,Khaleel Karim,2025-04-11,18:11:21,-07:00,2025-04-11T18:11:21-07:00,0,0
style.css,72,css,e732a717,Khaleel Karim,2025-04-11,18:11:21,-07:00,2025-04-11T18:11:21-07:00,0,2
style.css,73,css,e732a717,Khaleel Karim,2025-04-11,18:11:21,-07:00,2025-04-11T18:11:21-07:00,0,7
style.css,74,css,e732a717,Khaleel Karim,2025-04-11,18:11:21,-07:00,2025-04-11T18:11:21-07:00,0,21
style.css,75,css,e732a717,Khaleel Karim,2025-04-11,18:11:21,-07:00,2025-04-11T18:11:21-07:00,0,14
style.css,76,css,e732a717,Khaleel Karim,2025-04-11,18:11:21,-07:00,2025-04-11T18:11:21-07:00,0,18
style.css,77,css,e732a717,Khaleel Karim,2025-04-11,18:11:21,-07:00,2025-04-11T18:11:21-07:00,0,14
style.css,78,css,e732a717,Khaleel Karim,2025-04-11,18:11:21,-07:00,2025-04-11T18:11:21-07:00,0,0
style.css,79,css,e732a717,Khaleel Karim,2025-04-11,18:11:21,-07:00,2025-04-11T18:11:21-07:00,0,0
style.css,80,css,e295b9df,Khaleel Karim,2025-04-11,18:25:32,-07:00,2025-04-11T18:25:32-07:00,0,10
style.css,81,css,e732a717,Khaleel Karim,2025-04-11,18:11:21,-07:00,2025-04-11T18:11:21-07:00,0,26
style.css,82,css,e732a717,Khaleel Karim,2025-04-11,18:11:21,-07:00,2025-04-11T18:11:21-07:00,0,26
style.css,83,css,90cef5d3,Khaleel Karim,2025-04-18,17:38:58,-07:00,2025-04-18T17:38:58-07:00,0,40
style.css,84,css,e732a717,Khaleel Karim,2025-04-11,18:11:21,-07:00,2025-04-11T18:11:21-07:00,0,0
style.css,85,css,e295b9df,Khaleel Karim,2025-04-11,18:25:32,-07:00,2025-04-11T18:25:32-07:00,0,0
style.css,86,css,e295b9df,Khaleel Karim,2025-04-11,18:25:32,-07:00,2025-04-11T18:25:32-07:00,0,8
style.css,87,css,e295b9df,Khaleel Karim,2025-04-11,18:25:32,-07:00,2025-04-11T18:25:32-07:00,0,26
style.css,88,css,e295b9df,Khaleel Karim,2025-04-11,18:25:32,-07:00,2025-04-11T18:25:32-07:00,0,26
style.css,89,css,e295b9df,Khaleel Karim,2025-04-11,18:25:32,-07:00,2025-04-11T18:25:32-07:00,0,40
style.css,90,css,90cef5d3,Khaleel Karim,2025-04-18,17:38:58,-07:00,2025-04-18T17:38:58-07:00,0,70
style.css,91,css,e295b9df,Khaleel Karim,2025-04-11,18:25:32,-07:00,2025-04-11T18:25:32-07:00,0,0
style.css,92,css,17290bf4,Khaleel Karim,2025-04-11,19:15:07,-07:00,2025-04-11T19:15:07-07:00,0,0
style.css,93,css,17290bf4,Khaleel Karim,2025-04-11,19:15:07,-07:00,2025-04-11T19:15:07-07:00,0,0
style.css,94,css,30380be4,Khaleel Karim,2025-04-18,18:05:35,-07:00,2025-04-18T18:05:35-07:00,0,19
style.css,95,css,30380be4,Khaleel Karim,2025-04-18,18:05:35,-07:00,2025-04-18T18:05:35-07:00,0,18
style.css,96,css,30380be4,Khaleel Karim,2025-04-18,18:05:35,-07:00,2025-04-18T18:05:35-07:00,0,9
style.css,97,css,30380be4,Khaleel Karim,2025-04-18,18:05:35,-07:00,2025-04-18T18:05:35-07:00,0,11
style.css,98,css,30380be4,Khaleel Karim,2025-04-18,18:05:35,-07:00,2025-04-18T18:05:35-07:00,0,13
style.css,99,css,30380be4,Khaleel Karim,2025-04-18,18:05:35,-07:00,2025-04-18T18:05:35-07:00,0,14
style.css,100,css,30380be4,Khaleel Karim,2025-04-18,18:05:35,-07:00,2025-04-18T18:05:35-07:00,0,0
style.css,101,css,30380be4,Khaleel Karim,2025-04-18,18:05:35,-07:00,2025-04-18T18:05:35-07:00,0,0
style.css,102,css,17290bf4,Khaleel Karim,2025-04-11,19:15:07,-07:00,2025-04-11T19:15:07-07:00,0,5
style.css,103,css,17290bf4,Khaleel Karim,2025-04-11,19:15:07,-07:00,2025-04-11T19:15:07-07:00,0,13
style.css,104,css,8194951a,Khaleel Karim,2025-04-11,21:30:27,-07:00,2025-04-11T21:30:27-07:00,0,31
style.css,105,css,8194951a,Khaleel Karim,2025-04-11,21:30:27,-07:00,2025-04-11T21:30:27-07:00,0,8
style.css,106,css,17290bf4,Khaleel Karim,2025-04-11,19:15:07,-07:00,2025-04-11T19:15:07-07:00,0,0
style.css,107,css,17290bf4,Khaleel Karim,2025-04-11,19:15:07,-07:00,2025-04-11T19:15:07-07:00,0,6
style.css,108,css,8194951a,Khaleel Karim,2025-04-11,21:30:27,-07:00,2025-04-11T21:30:27-07:00,0,13
style.css,109,css,8194951a,Khaleel Karim,2025-04-11,21:30:27,-07:00,2025-04-11T21:30:27-07:00,0,30
style.css,110,css,8194951a,Khaleel Karim,2025-04-11,21:30:27,-07:00,2025-04-11T21:30:27-07:00,0,19
style.css,111,css,17290bf4,Khaleel Karim,2025-04-11,19:15:07,-07:00,2025-04-11T19:15:07-07:00,0,0
style.css,112,css,17290bf4,Khaleel Karim,2025-04-11,19:15:07,-07:00,2025-04-11T19:15:07-07:00,0,0
style.css,113,css,17290bf4,Khaleel Karim,2025-04-11,19:15:07,-07:00,2025-04-11T19:15:07-07:00,0,0
style.css,114,css,17290bf4,Khaleel Karim,2025-04-11,19:15:07,-07:00,2025-04-11T19:15:07-07:00,0,0
style.css,115,css,17290bf4,Khaleel Karim,2025-04-11,19:15:07,-07:00,2025-04-11T19:15:07-07:00,0,6
style.css,116,css,17290bf4,Khaleel Karim,2025-04-11,19:15:07,-07:00,2025-04-11T19:15:07-07:00,0,13
style.css,117,css,17290bf4,Khaleel Karim,2025-04-11,19:15:07,-07:00,2025-04-11T19:15:07-07:00,0,0
style.css,118,css,17290bf4,Khaleel Karim,2025-04-11,19:15:07,-07:00,2025-04-11T19:15:07-07:00,0,0
style.css,119,css,17290bf4,Khaleel Karim,2025-04-11,19:15:07,-07:00,2025-04-11T19:15:07-07:00,0,9
style.css,120,css,17290bf4,Khaleel Karim,2025-04-11,19:15:07,-07:00,2025-04-11T19:15:07-07:00,0,13
style.css,121,css,17290bf4,Khaleel Karim,2025-04-11,19:15:07,-07:00,2025-04-11T19:15:07-07:00,0,0
style.css,122,css,17290bf4,Khaleel Karim,2025-04-11,19:15:07,-07:00,2025-04-11T19:15:07-07:00,0,0
style.css,123,css,17290bf4,Khaleel Karim,2025-04-11,19:15:07,-07:00,2025-04-11T19:15:07-07:00,0,7
style.css,124,css,17290bf4,Khaleel Karim,2025-04-11,19:15:07,-07:00,2025-04-11T19:15:07-07:00,0,13
style.css,125,css,8194951a,Khaleel Karim,2025-04-11,21:30:27,-07:00,2025-04-11T21:30:27-07:00,0,13
style.css,126,css,8194951a,Khaleel Karim,2025-04-11,21:30:27,-07:00,2025-04-11T21:30:27-07:00,0,30
style.css,127,css,8194951a,Khaleel Karim,2025-04-11,21:30:27,-07:00,2025-04-11T21:30:27-07:00,0,19
style.css,128,css,8194951a,Khaleel Karim,2025-04-11,21:30:27,-07:00,2025-04-11T21:30:27-07:00,0,0
style.css,129,css,8194951a,Khaleel Karim,2025-04-11,21:30:27,-07:00,2025-04-11T21:30:27-07:00,0,0
style.css,130,css,6ea4865b,Khaleel Karim,2025-04-11,21:41:00,-07:00,2025-04-11T21:41:00-07:00,0,3
style.css,131,css,6ea4865b,Khaleel Karim,2025-04-11,21:41:00,-07:00,2025-04-11T21:41:00-07:00,0,15
style.css,132,css,6ea4865b,Khaleel Karim,2025-04-11,21:41:00,-07:00,2025-04-11T21:41:00-07:00,0,0
style.css,133,css,6ea4865b,Khaleel Karim,2025-04-11,21:41:00,-07:00,2025-04-11T21:41:00-07:00,0,0
style.css,134,css,8194951a,Khaleel Karim,2025-04-11,21:30:27,-07:00,2025-04-11T21:30:27-07:00,0,13
style.css,135,css,8194951a,Khaleel Karim,2025-04-11,21:30:27,-07:00,2025-04-11T21:30:27-07:00,0,13
style.css,136,css,8194951a,Khaleel Karim,2025-04-11,21:30:27,-07:00,2025-04-11T21:30:27-07:00,0,59
style.css,137,css,6ea4865b,Khaleel Karim,2025-04-11,21:41:00,-07:00,2025-04-11T21:41:00-07:00,0,8
style.css,138,css,6ea4865b,Khaleel Karim,2025-04-11,21:41:00,-07:00,2025-04-11T21:41:00-07:00,0,0
style.css,139,css,6ea4865b,Khaleel Karim,2025-04-11,21:41:00,-07:00,2025-04-11T21:41:00-07:00,0,8
style.css,140,css,6ea4865b,Khaleel Karim,2025-04-11,21:41:00,-07:00,2025-04-11T21:41:00-07:00,0,13
style.css,141,css,6ea4865b,Khaleel Karim,2025-04-11,21:41:00,-07:00,2025-04-11T21:41:00-07:00,0,27
style.css,142,css,6ea4865b,Khaleel Karim,2025-04-11,21:41:00,-07:00,2025-04-11T21:41:00-07:00,0,16
style.css,143,css,6ea4865b,Khaleel Karim,2025-04-11,21:41:00,-07:00,2025-04-11T21:41:00-07:00,0,0
style.css,144,css,6ea4865b,Khaleel Karim,2025-04-11,21:41:00,-07:00,2025-04-11T21:41:00-07:00,0,0
style.css,145,css,6ea4865b,Khaleel Karim,2025-04-11,21:41:00,-07:00,2025-04-11T21:41:00-07:00,0,3
style.css,146,css,6ea4865b,Khaleel Karim,2025-04-11,21:41:00,-07:00,2025-04-11T21:41:00-07:00,0,9
style.css,147,css,6ea4865b,Khaleel Karim,2025-04-11,21:41:00,-07:00,2025-04-11T21:41:00-07:00,0,0
style.css,148,css,6ea4865b,Khaleel Karim,2025-04-11,21:41:00,-07:00,2025-04-11T21:41:00-07:00,0,0
style.css,149,css,6ea4865b,Khaleel Karim,2025-04-11,21:41:00,-07:00,2025-04-11T21:41:00-07:00,0,0
style.css,150,css,6ea4865b,Khaleel Karim,2025-04-11,21:41:00,-07:00,2025-04-11T21:41:00-07:00,0,0
style.css,151,css,ab437383,Khaleel Karim,2025-05-03,11:21:18,-07:00,2025-05-03T11:21:18-07:00,0,9
style.css,152,css,ab437383,Khaleel Karim,2025-05-03,11:21:18,-07:00,2025-05-03T11:21:18-07:00,0,35
style.css,153,css,ab437383,Khaleel Karim,2025-05-03,11:21:18,-07:00,2025-05-03T11:21:18-07:00,0,0
style.css,154,css,ab437383,Khaleel Karim,2025-05-03,11:21:18,-07:00,2025-05-03T11:21:18-07:00,0,0
style.css,155,css,0f453460,Khaleel Karim,2025-04-11,22:35:32,-07:00,2025-04-11T22:35:32-07:00,0,0
style.css,156,css,0f453460,Khaleel Karim,2025-04-11,22:35:32,-07:00,2025-04-11T22:35:32-07:00,0,0
style.css,157,css,0f453460,Khaleel Karim,2025-04-11,22:35:32,-07:00,2025-04-11T22:35:32-07:00,0,0
style.css,158,css,0f453460,Khaleel Karim,2025-04-11,22:35:32,-07:00,2025-04-11T22:35:32-07:00,0,0
style.css,159,css,0f453460,Khaleel Karim,2025-04-11,22:35:32,-07:00,2025-04-11T22:35:32-07:00,0,8
style.css,160,css,0f453460,Khaleel Karim,2025-04-11,22:35:32,-07:00,2025-04-11T22:35:32-07:00,0,3
style.css,161,css,0f453460,Khaleel Karim,2025-04-11,22:35:32,-07:00,2025-04-11T22:35:32-07:00,0,15
style.css,162,css,0f453460,Khaleel Karim,2025-04-11,22:35:32,-07:00,2025-04-11T22:35:32-07:00,0,0
style.css,163,css,0f453460,Khaleel Karim,2025-04-11,22:35:32,-07:00,2025-04-11T22:35:32-07:00,0,0
style.css,164,css,0f453460,Khaleel Karim,2025-04-11,22:35:32,-07:00,2025-04-11T22:35:32-07:00,0,2
style.css,165,css,0f453460,Khaleel Karim,2025-04-11,22:35:32,-07:00,2025-04-11T22:35:32-07:00,0,7
style.css,166,css,0f453460,Khaleel Karim,2025-04-11,22:35:32,-07:00,2025-04-11T22:35:32-07:00,0,44
style.css,167,css,0f453460,Khaleel Karim,2025-04-11,22:35:32,-07:00,2025-04-11T22:35:32-07:00,0,14
style.css,168,css,0f453460,Khaleel Karim,2025-04-11,22:35:32,-07:00,2025-04-11T22:35:32-07:00,0,0
style.css,169,css,0f453460,Khaleel Karim,2025-04-11,22:35:32,-07:00,2025-04-11T22:35:32-07:00,0,0
style.css,170,css,0f453460,Khaleel Karim,2025-04-11,22:35:32,-07:00,2025-04-11T22:35:32-07:00,0,8
style.css,171,css,0f453460,Khaleel Karim,2025-04-11,22:35:32,-07:00,2025-04-11T22:35:32-07:00,0,58
style.css,172,css,0f453460,Khaleel Karim,2025-04-11,22:35:32,-07:00,2025-04-11T22:35:32-07:00,0,0
style.css,173,css,0f453460,Khaleel Karim,2025-04-11,22:35:32,-07:00,2025-04-11T22:35:32-07:00,0,0
style.css,174,css,0f453460,Khaleel Karim,2025-04-11,22:35:32,-07:00,2025-04-11T22:35:32-07:00,0,0
style.css,175,css,0f453460,Khaleel Karim,2025-04-11,22:35:32,-07:00,2025-04-11T22:35:32-07:00,0,0
style.css,176,css,0f453460,Khaleel Karim,2025-04-11,22:35:32,-07:00,2025-04-11T22:35:32-07:00,0,15
style.css,177,css,0f453460,Khaleel Karim,2025-04-11,22:35:32,-07:00,2025-04-11T22:35:32-07:00,0,13
style.css,178,css,0f453460,Khaleel Karim,2025-04-11,22:35:32,-07:00,2025-04-11T22:35:32-07:00,0,59
style.css,179,css,0f453460,Khaleel Karim,2025-04-11,22:35:32,-07:00,2025-04-11T22:35:32-07:00,0,8
style.css,180,css,0f453460,Khaleel Karim,2025-04-11,22:35:32,-07:00,2025-04-11T22:35:32-07:00,0,24
style.css,181,css,0f453460,Khaleel Karim,2025-04-11,22:35:32,-07:00,2025-04-11T22:35:32-07:00,0,26
style.css,182,css,0f453460,Khaleel Karim,2025-04-11,22:35:32,-07:00,2025-04-11T22:35:32-07:00,0,39
style.css,183,css,0f453460,Khaleel Karim,2025-04-11,22:35:32,-07:00,2025-04-11T22:35:32-07:00,0,0
style.css,184,css,0f453460,Khaleel Karim,2025-04-11,22:35:32,-07:00,2025-04-11T22:35:32-07:00,0,0
style.css,185,css,0f453460,Khaleel Karim,2025-04-11,22:35:32,-07:00,2025-04-11T22:35:32-07:00,0,0
style.css,186,css,0f453460,Khaleel Karim,2025-04-11,22:35:32,-07:00,2025-04-11T22:35:32-07:00,0,0
style.css,187,css,0f453460,Khaleel Karim,2025-04-11,22:35:32,-07:00,2025-04-11T22:35:32-07:00,0,0
style.css,188,css,0f453460,Khaleel Karim,2025-04-11,22:35:32,-07:00,2025-04-11T22:35:32-07:00,0,17
style.css,189,css,0f453460,Khaleel Karim,2025-04-11,22:35:32,-07:00,2025-04-11T22:35:32-07:00,0,24
style.css,190,css,0f453460,Khaleel Karim,2025-04-11,22:35:32,-07:00,2025-04-11T22:35:32-07:00,0,26
style.css,191,css,0f453460,Khaleel Karim,2025-04-11,22:35:32,-07:00,2025-04-11T22:35:32-07:00,0,39
style.css,192,css,0f453460,Khaleel Karim,2025-04-11,22:35:32,-07:00,2025-04-11T22:35:32-07:00,0,0
style.css,193,css,0f453460,Khaleel Karim,2025-04-11,22:35:32,-07:00,2025-04-11T22:35:32-07:00,0,0
style.css,194,css,0f453460,Khaleel Karim,2025-04-11,22:35:32,-07:00,2025-04-11T22:35:32-07:00,0,19
style.css,195,css,0f453460,Khaleel Karim,2025-04-11,22:35:32,-07:00,2025-04-11T22:35:32-07:00,0,24
style.css,196,css,0f453460,Khaleel Karim,2025-04-11,22:35:32,-07:00,2025-04-11T22:35:32-07:00,0,26
style.css,197,css,0f453460,Khaleel Karim,2025-04-11,22:35:32,-07:00,2025-04-11T22:35:32-07:00,0,39
style.css,198,css,0f453460,Khaleel Karim,2025-04-11,22:35:32,-07:00,2025-04-11T22:35:32-07:00,0,0
style.css,199,css,2666f39d,Khaleel Karim,2025-04-25,21:37:30,-07:00,2025-04-25T21:37:30-07:00,0,0
style.css,200,css,2666f39d,Khaleel Karim,2025-04-25,21:37:30,-07:00,2025-04-25T21:37:30-07:00,0,0
style.css,201,css,2666f39d,Khaleel Karim,2025-04-25,21:37:30,-07:00,2025-04-25T21:37:30-07:00,0,22
style.css,202,css,2666f39d,Khaleel Karim,2025-04-25,21:37:30,-07:00,2025-04-25T21:37:30-07:00,0,3
style.css,203,css,2666f39d,Khaleel Karim,2025-04-25,21:37:30,-07:00,2025-04-25T21:37:30-07:00,0,13
style.css,204,css,2666f39d,Khaleel Karim,2025-04-25,21:37:30,-07:00,2025-04-25T21:37:30-07:00,0,31
style.css,205,css,2666f39d,Khaleel Karim,2025-04-25,21:37:30,-07:00,2025-04-25T21:37:30-07:00,0,8
style.css,206,css,2666f39d,Khaleel Karim,2025-04-25,21:37:30,-07:00,2025-04-25T21:37:30-07:00,0,0
style.css,207,css,2666f39d,Khaleel Karim,2025-04-25,21:37:30,-07:00,2025-04-25T21:37:30-07:00,0,3
style.css,208,css,2666f39d,Khaleel Karim,2025-04-25,21:37:30,-07:00,2025-04-25T21:37:30-07:00,0,13
style.css,209,css,2666f39d,Khaleel Karim,2025-04-25,21:37:30,-07:00,2025-04-25T21:37:30-07:00,0,27
style.css,210,css,2666f39d,Khaleel Karim,2025-04-25,21:37:30,-07:00,2025-04-25T21:37:30-07:00,0,8
style.css,211,css,2666f39d,Khaleel Karim,2025-04-25,21:37:30,-07:00,2025-04-25T21:37:30-07:00,0,16
style.css,212,css,2666f39d,Khaleel Karim,2025-04-25,21:37:30,-07:00,2025-04-25T21:37:30-07:00,0,0
style.css,213,css,2666f39d,Khaleel Karim,2025-04-25,21:37:30,-07:00,2025-04-25T21:37:30-07:00,0,0
style.css,214,css,2666f39d,Khaleel Karim,2025-04-25,21:37:30,-07:00,2025-04-25T21:37:30-07:00,0,3
style.css,215,css,2666f39d,Khaleel Karim,2025-04-25,21:37:30,-07:00,2025-04-25T21:37:30-07:00,0,13
style.css,216,css,2666f39d,Khaleel Karim,2025-04-25,21:37:30,-07:00,2025-04-25T21:37:30-07:00,0,27
style.css,217,css,2666f39d,Khaleel Karim,2025-04-25,21:37:30,-07:00,2025-04-25T21:37:30-07:00,0,8
style.css,218,css,2666f39d,Khaleel Karim,2025-04-25,21:37:30,-07:00,2025-04-25T21:37:30-07:00,0,16
style.css,219,css,2666f39d,Khaleel Karim,2025-04-25,21:37:30,-07:00,2025-04-25T21:37:30-07:00,0,0
style.css,220,css,2666f39d,Khaleel Karim,2025-04-25,21:37:30,-07:00,2025-04-25T21:37:30-07:00,0,0
style.css,221,css,2666f39d,Khaleel Karim,2025-04-25,21:37:30,-07:00,2025-04-25T21:37:30-07:00,0,0
style.css,222,css,00000000,Not Committed Yet,2025-05-10,22:28:36,-07:00,2025-05-10T22:28:36-07:00,0,0
style.css,223,css,00000000,Not Committed Yet,2025-05-10,22:28:36,-07:00,2025-05-10T22:28:36-07:00,0,0
style.css,224,css,00000000,Not Committed Yet,2025-05-10,22:28:36,-07:00,2025-05-10T22:28:36-07:00,0,18
style.css,225,css,00000000,Not Committed Yet,2025-05-10,22:28:36,-07:00,2025-05-10T22:28:36-07:00,0,17
style.css,226,css,00000000,Not Committed Yet,2025-05-10,22:28:36,-07:00,2025-05-10T22:28:36-07:00,0,12
style.css,227,css,00000000,Not Committed Yet,2025-05-10,22:28:36,-07:00,2025-05-10T22:28:36-07:00,0,0
style.css,228,css,00000000,Not Committed Yet,2025-05-10,22:28:36,-07:00,2025-05-10T22:28:36-07:00,0,5
style.css,229,css,00000000,Not Committed Yet,2025-05-10,22:28:36,-07:00,2025-05-10T22:28:36-07:00,0,17
style.css,230,css,00000000,Not Committed Yet,2025-05-10,22:28:36,-07:00,2025-05-10T22:28:36-07:00,0,0
style.css,231,css,00000000,Not Committed Yet,2025-05-10,22:28:36,-07:00,2025-05-10T22:28:36-07:00,0,0
style.css,232,css,00000000,Not Committed Yet,2025-05-10,22:28:36,-07:00,2025-05-10T22:28:36-07:00,0,0
style.css,233,css,00000000,Not Committed Yet,2025-05-10,22:28:36,-07:00,2025-05-10T22:28:36-07:00,0,10
style.css,234,css,00000000,Not Committed Yet,2025-05-10,22:28:36,-07:00,2025-05-10T22:28:36-07:00,0,36
style.css,235,css,00000000,Not Committed Yet,2025-05-10,22:28:36,-07:00,2025-05-10T22:28:36-07:00,0,0
style.css,236,css,00000000,Not Committed Yet,2025-05-10,22:28:36,-07:00,2025-05-10T22:28:36-07:00,0,11
style.css,237,css,00000000,Not Committed Yet,2025-05-10,22:28:36,-07:00,2025-05-10T22:28:36-07:00,0,18
style.css,238,css,00000000,Not Committed Yet,2025-05-10,22:28:36,-07:00,2025-05-10T22:28:36-07:00,0,0
style.css,239,css,00000000,Not Committed Yet,2025-05-10,22:28:36,-07:00,2025-05-10T22:28:36-07:00,0,0
style.css,240,css,00000000,Not Committed Yet,2025-05-10,22:28:36,-07:00,2025-05-10T22:28:36-07:00,0,0
style.css,241,css,00000000,Not Committed Yet,2025-05-10,22:28:36,-07:00,2025-05-10T22:28:36-07:00,0,13
style.css,242,css,00000000,Not Committed Yet,2025-05-10,22:28:36,-07:00,2025-05-10T22:28:36-07:00,0,38
style.css,243,css,00000000,Not Committed Yet,2025-05-10,22:28:36,-07:00,2025-05-10T22:28:36-07:00,0,47
style.css,244,css,00000000,Not Committed Yet,2025-05-10,22:28:36,-07:00,2025-05-10T22:28:36-07:00,0,48
style.css,245,css,2666f39d,Khaleel Karim,2025-04-25,21:37:30,-07:00,2025-04-25T21:37:30-07:00,0,0
index.js,1,js,a2b3735b,Khaleel Karim,2025-04-25,18:08:24,-07:00,2025-04-25T18:08:24-07:00,0,72
index.js,2,js,74e97392,Khaleel Karim,2025-04-25,17:25:24,-07:00,2025-04-25T17:25:24-07:00,0,0
index.js,3,js,963acbcf,Khaleel Karim,2025-04-25,17:32:36,-07:00,2025-04-25T17:32:36-07:00,0,26
index.js,4,js,963acbcf,Khaleel Karim,2025-04-25,17:32:36,-07:00,2025-04-25T17:32:36-07:00,0,55
index.js,5,js,963acbcf,Khaleel Karim,2025-04-25,17:32:36,-07:00,2025-04-25T17:32:36-07:00,0,43
index.js,6,js,963acbcf,Khaleel Karim,2025-04-25,17:32:36,-07:00,2025-04-25T17:32:36-07:00,0,61
index.js,7,js,963acbcf,Khaleel Karim,2025-04-25,17:32:36,-07:00,2025-04-25T17:32:36-07:00,0,0
index.js,8,js,a2b3735b,Khaleel Karim,2025-04-25,18:08:24,-07:00,2025-04-25T18:08:24-07:00,0,55
index.js,9,js,a2b3735b,Khaleel Karim,2025-04-25,18:08:24,-07:00,2025-04-25T18:08:24-07:00,0,56
index.js,10,js,a2b3735b,Khaleel Karim,2025-04-25,18:08:24,-07:00,2025-04-25T18:08:24-07:00,0,61
index.js,11,js,a2b3735b,Khaleel Karim,2025-04-25,18:08:24,-07:00,2025-04-25T18:08:24-07:00,0,18
index.js,12,js,a2b3735b,Khaleel Karim,2025-04-25,18:08:24,-07:00,2025-04-25T18:08:24-07:00,0,25
index.js,13,js,a2b3735b,Khaleel Karim,2025-04-25,18:08:24,-07:00,2025-04-25T18:08:24-07:00,0,3
index.js,14,js,a2b3735b,Khaleel Karim,2025-04-25,18:08:24,-07:00,2025-04-25T18:08:24-07:00,0,56
index.js,15,js,a2b3735b,Khaleel Karim,2025-04-25,18:08:24,-07:00,2025-04-25T18:08:24-07:00,0,56
index.js,16,js,a2b3735b,Khaleel Karim,2025-04-25,18:08:24,-07:00,2025-04-25T18:08:24-07:00,0,50
index.js,17,js,a2b3735b,Khaleel Karim,2025-04-25,18:08:24,-07:00,2025-04-25T18:08:24-07:00,0,50
index.js,18,js,a2b3735b,Khaleel Karim,2025-04-25,18:08:24,-07:00,2025-04-25T18:08:24-07:00,0,4
index.js,19,js,a2b3735b,Khaleel Karim,2025-04-25,18:08:24,-07:00,2025-04-25T18:08:24-07:00,0,1
index.js,20,js,a2b3735b,Khaleel Karim,2025-04-25,18:08:24,-07:00,2025-04-25T18:08:24-07:00,0,0
index.html,1,html,e028712f,Khaleel Karim,2025-04-02,15:30:16,-07:00,2025-04-02T15:30:16-07:00,0,14
index.html,2,html,e028712f,Khaleel Karim,2025-04-02,15:30:16,-07:00,2025-04-02T15:30:16-07:00,0,15
index.html,3,html,e028712f,Khaleel Karim,2025-04-02,15:30:16,-07:00,2025-04-02T15:30:16-07:00,0,5
index.html,4,html,977fba9f,Khaleel Karim,2025-04-17,16:27:58,-07:00,2025-04-17T16:27:58-07:00,0,46
index.html,5,html,963acbcf,Khaleel Karim,2025-04-25,17:32:36,-07:00,2025-04-25T17:32:36-07:00,0,51
index.html,6,html,f3331261,Khaleel Karim,2025-04-02,15:48:40,-07:00,2025-04-02T15:48:40-07:00,0,39
index.html,7,html,e028712f,Khaleel Karim,2025-04-02,15:30:16,-07:00,2025-04-02T15:30:16-07:00,0,21
index.html,8,html,e028712f,Khaleel Karim,2025-04-02,15:30:16,-07:00,2025-04-02T15:30:16-07:00,0,69
index.html,9,html,e028712f,Khaleel Karim,2025-04-02,15:30:16,-07:00,2025-04-02T15:30:16-07:00,0,56
index.html,10,html,e028712f,Khaleel Karim,2025-04-02,15:30:16,-07:00,2025-04-02T15:30:16-07:00,0,21
index.html,11,html,7d4b229f,Khaleel Karim,2025-04-11,17:56:50,-07:00,2025-04-11T17:56:50-07:00,0,143
index.html,12,html,7d4b229f,Khaleel Karim,2025-04-11,17:56:50,-07:00,2025-04-11T17:56:50-07:00,0,133
index.html,13,html,7d4b229f,Khaleel Karim,2025-04-11,17:56:50,-07:00,2025-04-11T17:56:50-07:00,0,8
index.html,14,html,7d4b229f,Khaleel Karim,2025-04-11,17:56:50,-07:00,2025-04-11T17:56:50-07:00,0,3
index.html,15,html,69611f20,Khaleel Karim,2025-04-02,15:43:21,-07:00,2025-04-02T15:43:21-07:00,0,114
index.html,16,html,963acbcf,Khaleel Karim,2025-04-25,17:32:36,-07:00,2025-04-25T17:32:36-07:00,0,0
index.html,17,html,b4692da6,Khaleel Karim,2025-04-25,17:33:58,-07:00,2025-04-25T17:33:58-07:00,0,23
index.html,18,html,963acbcf,Khaleel Karim,2025-04-25,17:32:36,-07:00,2025-04-25T17:32:36-07:00,0,27
index.html,19,html,963acbcf,Khaleel Karim,2025-04-25,17:32:36,-07:00,2025-04-25T17:32:36-07:00,0,0
index.html,20,html,a2b3735b,Khaleel Karim,2025-04-25,18:08:24,-07:00,2025-04-25T18:08:24-07:00,0,19
index.html,21,html,a2b3735b,Khaleel Karim,2025-04-25,18:08:24,-07:00,2025-04-25T18:08:24-07:00,0,30
index.html,22,html,a2b3735b,Khaleel Karim,2025-04-25,18:08:24,-07:00,2025-04-25T18:08:24-07:00,0,0
index.html,23,html,a2b3735b,Khaleel Karim,2025-04-25,18:08:24,-07:00,2025-04-25T18:08:24-07:00,0,9
index.html,24,html,a2b3735b,Khaleel Karim,2025-04-25,18:08:24,-07:00,2025-04-25T18:08:24-07:00,0,0
index.html,25,html,e028712f,Khaleel Karim,2025-04-02,15:30:16,-07:00,2025-04-02T15:30:16-07:00,0,6
index.html,26,html,e028712f,Khaleel Karim,2025-04-02,15:30:16,-07:00,2025-04-02T15:30:16-07:00,0,5
index.html,27,html,e028712f,Khaleel Karim,2025-04-02,15:30:16,-07:00,2025-04-02T15:30:16-07:00,0,0
index.html,28,html,e028712f,Khaleel Karim,2025-04-02,15:30:16,-07:00,2025-04-02T15:30:16-07:00,0,6
index.html,29,html,e028712f,Khaleel Karim,2025-04-02,15:30:16,-07:00,2025-04-02T15:30:16-07:00,0,6
global.js,1,js,977fba9f,Khaleel Karim,2025-04-17,16:27:58,-07:00,2025-04-17T16:27:58-07:00,0,26
global.js,2,js,977fba9f,Khaleel Karim,2025-04-17,16:27:58,-07:00,2025-04-17T16:27:58-07:00,0,0
global.js,3,js,977fba9f,Khaleel Karim,2025-04-17,16:27:58,-07:00,2025-04-17T16:27:58-07:00,0,0
global.js,4,js,977fba9f,Khaleel Karim,2025-04-17,16:27:58,-07:00,2025-04-17T16:27:58-07:00,0,42
global.js,5,js,977fba9f,Khaleel Karim,2025-04-17,16:27:58,-07:00,2025-04-17T16:27:58-07:00,0,53
global.js,6,js,977fba9f,Khaleel Karim,2025-04-17,16:27:58,-07:00,2025-04-17T16:27:58-07:00,0,0
global.js,7,js,977fba9f,Khaleel Karim,2025-04-17,16:27:58,-07:00,2025-04-17T16:27:58-07:00,0,0
global.js,8,js,ffbbab3e,Khaleel Karim,2025-04-18,16:20:18,-07:00,2025-04-18T16:20:18-07:00,0,112
global.js,9,js,ceafa43d,Khaleel Karim,2025-04-18,17:19:38,-07:00,2025-04-18T17:19:38-07:00,0,0
global.js,10,js,bb275229,Khaleel Karim,2025-04-18,16:18:50,-07:00,2025-04-18T16:18:50-07:00,0,30
global.js,11,js,bb275229,Khaleel Karim,2025-04-18,16:18:50,-07:00,2025-04-18T16:18:50-07:00,0,12
global.js,12,js,bb275229,Khaleel Karim,2025-04-18,16:18:50,-07:00,2025-04-18T16:18:50-07:00,0,24
global.js,13,js,bb275229,Khaleel Karim,2025-04-18,16:18:50,-07:00,2025-04-18T16:18:50-07:00,0,33
global.js,14,js,bb275229,Khaleel Karim,2025-04-18,16:18:50,-07:00,2025-04-18T16:18:50-07:00,0,37
global.js,15,js,bb275229,Khaleel Karim,2025-04-18,16:18:50,-07:00,2025-04-18T16:18:50-07:00,0,35
global.js,16,js,0e0a66fd,Khaleel Karim,2025-04-18,16:24:58,-07:00,2025-04-18T16:24:58-07:00,0,1
global.js,17,js,bb275229,Khaleel Karim,2025-04-18,16:18:50,-07:00,2025-04-18T16:18:50-07:00,0,0
global.js,18,js,bb275229,Khaleel Karim,2025-04-18,16:18:50,-07:00,2025-04-18T16:18:50-07:00,0,32
global.js,19,js,bb275229,Khaleel Karim,2025-04-18,16:18:50,-07:00,2025-04-18T16:18:50-07:00,0,39
global.js,20,js,bb275229,Khaleel Karim,2025-04-18,16:18:50,-07:00,2025-04-18T16:18:50-07:00,0,26
global.js,21,js,bb275229,Khaleel Karim,2025-04-18,16:18:50,-07:00,2025-04-18T16:18:50-07:00,0,0
global.js,22,js,bb275229,Khaleel Karim,2025-04-18,16:18:50,-07:00,2025-04-18T16:18:50-07:00,0,31
global.js,23,js,bb275229,Khaleel Karim,2025-04-18,16:18:50,-07:00,2025-04-18T16:18:50-07:00,0,21
global.js,24,js,bb275229,Khaleel Karim,2025-04-18,16:18:50,-07:00,2025-04-18T16:18:50-07:00,0,15
global.js,25,js,bb275229,Khaleel Karim,2025-04-18,16:18:50,-07:00,2025-04-18T16:18:50-07:00,0,19
global.js,26,js,bb275229,Khaleel Karim,2025-04-18,16:18:50,-07:00,2025-04-18T16:18:50-07:00,0,0
global.js,27,js,bb275229,Khaleel Karim,2025-04-18,16:18:50,-07:00,2025-04-18T16:18:50-07:00,0,29
global.js,28,js,bb275229,Khaleel Karim,2025-04-18,16:18:50,-07:00,2025-04-18T16:18:50-07:00,0,21
global.js,29,js,bb275229,Khaleel Karim,2025-04-18,16:18:50,-07:00,2025-04-18T16:18:50-07:00,0,0
global.js,30,js,bb275229,Khaleel Karim,2025-04-18,16:18:50,-07:00,2025-04-18T16:18:50-07:00,0,0
global.js,31,js,ceafa43d,Khaleel Karim,2025-04-18,17:19:38,-07:00,2025-04-18T17:19:38-07:00,0,34
global.js,32,js,ceafa43d,Khaleel Karim,2025-04-18,17:19:38,-07:00,2025-04-18T17:19:38-07:00,0,12
global.js,33,js,ceafa43d,Khaleel Karim,2025-04-18,17:19:38,-07:00,2025-04-18T17:19:38-07:00,0,21
global.js,34,js,ceafa43d,Khaleel Karim,2025-04-18,17:19:38,-07:00,2025-04-18T17:19:38-07:00,0,13
global.js,35,js,ceafa43d,Khaleel Karim,2025-04-18,17:19:38,-07:00,2025-04-18T17:19:38-07:00,0,0
global.js,36,js,ec463baf,Khaleel Karim,2025-04-18,17:27:36,-07:00,2025-04-18T17:27:36-07:00,0,0
global.js,37,js,ceafa43d,Khaleel Karim,2025-04-18,17:19:38,-07:00,2025-04-18T17:19:38-07:00,0,66
global.js,38,js,ceafa43d,Khaleel Karim,2025-04-18,17:19:38,-07:00,2025-04-18T17:19:38-07:00,0,26
global.js,39,js,ceafa43d,Khaleel Karim,2025-04-18,17:19:38,-07:00,2025-04-18T17:19:38-07:00,0,0
global.js,40,js,ceafa43d,Khaleel Karim,2025-04-18,17:19:38,-07:00,2025-04-18T17:19:38-07:00,0,0
global.js,41,js,bb275229,Khaleel Karim,2025-04-18,16:18:50,-07:00,2025-04-18T16:18:50-07:00,0,0
global.js,42,js,bb275229,Khaleel Karim,2025-04-18,16:18:50,-07:00,2025-04-18T16:18:50-07:00,0,0
global.js,43,js,30380be4,Khaleel Karim,2025-04-18,18:05:35,-07:00,2025-04-18T18:05:35-07:00,0,31
global.js,44,js,30380be4,Khaleel Karim,2025-04-18,18:05:35,-07:00,2025-04-18T18:05:35-07:00,0,32
global.js,45,js,30380be4,Khaleel Karim,2025-04-18,18:05:35,-07:00,2025-04-18T18:05:35-07:00,0,12
global.js,46,js,30380be4,Khaleel Karim,2025-04-18,18:05:35,-07:00,2025-04-18T18:05:35-07:00,0,0
global.js,47,js,30380be4,Khaleel Karim,2025-04-18,18:05:35,-07:00,2025-04-18T18:05:35-07:00,0,27
global.js,48,js,30380be4,Khaleel Karim,2025-04-18,18:05:35,-07:00,2025-04-18T18:05:35-07:00,0,5
global.js,49,js,30380be4,Khaleel Karim,2025-04-18,18:05:35,-07:00,2025-04-18T18:05:35-07:00,0,7
global.js,50,js,30380be4,Khaleel Karim,2025-04-18,18:05:35,-07:00,2025-04-18T18:05:35-07:00,0,44
global.js,51,js,30380be4,Khaleel Karim,2025-04-18,18:05:35,-07:00,2025-04-18T18:05:35-07:00,0,35
global.js,52,js,30380be4,Khaleel Karim,2025-04-18,18:05:35,-07:00,2025-04-18T18:05:35-07:00,0,33
global.js,53,js,30380be4,Khaleel Karim,2025-04-18,18:05:35,-07:00,2025-04-18T18:05:35-07:00,0,8
global.js,54,js,30380be4,Khaleel Karim,2025-04-18,18:05:35,-07:00,2025-04-18T18:05:35-07:00,0,9
global.js,55,js,30380be4,Khaleel Karim,2025-04-18,18:05:35,-07:00,2025-04-18T18:05:35-07:00,0,1
global.js,56,js,30380be4,Khaleel Karim,2025-04-18,18:05:35,-07:00,2025-04-18T18:05:35-07:00,0,0
global.js,57,js,30380be4,Khaleel Karim,2025-04-18,18:05:35,-07:00,2025-04-18T18:05:35-07:00,0,0
global.js,58,js,30380be4,Khaleel Karim,2025-04-18,18:05:35,-07:00,2025-04-18T18:05:35-07:00,0,0
global.js,59,js,30380be4,Khaleel Karim,2025-04-18,18:05:35,-07:00,2025-04-18T18:05:35-07:00,0,44
global.js,60,js,30380be4,Khaleel Karim,2025-04-18,18:05:35,-07:00,2025-04-18T18:05:35-07:00,0,50
global.js,61,js,30380be4,Khaleel Karim,2025-04-18,18:05:35,-07:00,2025-04-18T18:05:35-07:00,0,58
global.js,62,js,30380be4,Khaleel Karim,2025-04-18,18:05:35,-07:00,2025-04-18T18:05:35-07:00,0,78
global.js,63,js,30380be4,Khaleel Karim,2025-04-18,18:05:35,-07:00,2025-04-18T18:05:35-07:00,0,45
global.js,64,js,30380be4,Khaleel Karim,2025-04-18,18:05:35,-07:00,2025-04-18T18:05:35-07:00,0,2
global.js,65,js,30380be4,Khaleel Karim,2025-04-18,18:05:35,-07:00,2025-04-18T18:05:35-07:00,0,0
global.js,66,js,30380be4,Khaleel Karim,2025-04-18,18:05:35,-07:00,2025-04-18T18:05:35-07:00,0,30
global.js,67,js,30380be4,Khaleel Karim,2025-04-18,18:05:35,-07:00,2025-04-18T18:05:35-07:00,0,84
global.js,68,js,30380be4,Khaleel Karim,2025-04-18,18:05:35,-07:00,2025-04-18T18:05:35-07:00,0,39
global.js,69,js,30380be4,Khaleel Karim,2025-04-18,18:05:35,-07:00,2025-04-18T18:05:35-07:00,0,0
global.js,70,js,30380be4,Khaleel Karim,2025-04-18,18:05:35,-07:00,2025-04-18T18:05:35-07:00,0,0
global.js,71,js,12c175ca,Khaleel Karim,2025-04-25,15:34:15,-07:00,2025-04-25T15:34:15-07:00,0,35
global.js,72,js,12c175ca,Khaleel Karim,2025-04-25,15:34:15,-07:00,2025-04-25T15:34:15-07:00,0,37
global.js,73,js,12c175ca,Khaleel Karim,2025-04-25,15:34:15,-07:00,2025-04-25T15:34:15-07:00,0,4
global.js,74,js,12c175ca,Khaleel Karim,2025-04-25,15:34:15,-07:00,2025-04-25T15:34:15-07:00,0,40
global.js,75,js,12c175ca,Khaleel Karim,2025-04-25,15:34:15,-07:00,2025-04-25T15:34:15-07:00,0,33
global.js,76,js,12c175ca,Khaleel Karim,2025-04-25,15:34:15,-07:00,2025-04-25T15:34:15-07:00,0,0
global.js,77,js,12c175ca,Khaleel Karim,2025-04-25,15:34:15,-07:00,2025-04-25T15:34:15-07:00,0,27
global.js,78,js,12c175ca,Khaleel Karim,2025-04-25,15:34:15,-07:00,2025-04-25T15:34:15-07:00,0,18
global.js,79,js,12c175ca,Khaleel Karim,2025-04-25,15:34:15,-07:00,2025-04-25T15:34:15-07:00,0,67
global.js,80,js,12c175ca,Khaleel Karim,2025-04-25,15:34:15,-07:00,2025-04-25T15:34:15-07:00,0,0
global.js,81,js,12c175ca,Khaleel Karim,2025-04-25,15:34:15,-07:00,2025-04-25T15:34:15-07:00,0,34
global.js,82,js,12c175ca,Khaleel Karim,2025-04-25,15:34:15,-07:00,2025-04-25T15:34:15-07:00,0,11
global.js,83,js,12c175ca,Khaleel Karim,2025-04-25,15:34:15,-07:00,2025-04-25T15:34:15-07:00,0,0
global.js,84,js,12c175ca,Khaleel Karim,2025-04-25,15:34:15,-07:00,2025-04-25T15:34:15-07:00,0,16
global.js,85,js,12c175ca,Khaleel Karim,2025-04-25,15:34:15,-07:00,2025-04-25T15:34:15-07:00,0,60
global.js,86,js,12c175ca,Khaleel Karim,2025-04-25,15:34:15,-07:00,2025-04-25T15:34:15-07:00,0,0
global.js,87,js,12c175ca,Khaleel Karim,2025-04-25,15:34:15,-07:00,2025-04-25T15:34:15-07:00,0,0
global.js,88,js,12c175ca,Khaleel Karim,2025-04-25,15:34:15,-07:00,2025-04-25T15:34:15-07:00,0,0
global.js,89,js,5f225777,Khaleel Karim,2025-04-25,16:05:17,-07:00,2025-04-25T16:05:17-07:00,0,80
global.js,90,js,5f225777,Khaleel Karim,2025-04-25,16:05:17,-07:00,2025-04-25T16:05:17-07:00,0,26
global.js,91,js,5f225777,Khaleel Karim,2025-04-25,16:05:17,-07:00,2025-04-25T16:05:17-07:00,0,27
global.js,92,js,5f225777,Khaleel Karim,2025-04-25,16:05:17,-07:00,2025-04-25T16:05:17-07:00,0,34
global.js,93,js,5f225777,Khaleel Karim,2025-04-25,16:05:17,-07:00,2025-04-25T16:05:17-07:00,0,0
global.js,94,js,5f225777,Khaleel Karim,2025-04-25,16:05:17,-07:00,2025-04-25T16:05:17-07:00,0,0
global.js,95,js,5f225777,Khaleel Karim,2025-04-25,16:05:17,-07:00,2025-04-25T16:05:17-07:00,0,28
global.js,96,js,5f225777,Khaleel Karim,2025-04-25,16:05:17,-07:00,2025-04-25T16:05:17-07:00,0,23
global.js,97,js,5f225777,Khaleel Karim,2025-04-25,16:05:17,-07:00,2025-04-25T16:05:17-07:00,0,41
global.js,98,js,5f225777,Khaleel Karim,2025-04-25,16:05:17,-07:00,2025-04-25T16:05:17-07:00,0,0
global.js,99,js,5f225777,Khaleel Karim,2025-04-25,16:05:17,-07:00,2025-04-25T16:05:17-07:00,0,0
global.js,100,js,5f225777,Khaleel Karim,2025-04-25,16:05:17,-07:00,2025-04-25T16:05:17-07:00,0,52
global.js,101,js,5f225777,Khaleel Karim,2025-04-25,16:05:17,-07:00,2025-04-25T16:05:17-07:00,0,31
global.js,102,js,5f225777,Khaleel Karim,2025-04-25,16:05:17,-07:00,2025-04-25T16:05:17-07:00,0,30
global.js,103,js,5f225777,Khaleel Karim,2025-04-25,16:05:17,-07:00,2025-04-25T16:05:17-07:00,0,49
global.js,104,js,5f225777,Khaleel Karim,2025-04-25,16:05:17,-07:00,2025-04-25T16:05:17-07:00,0,20
global.js,105,js,5f225777,Khaleel Karim,2025-04-25,16:05:17,-07:00,2025-04-25T16:05:17-07:00,0,50
global.js,106,js,5f225777,Khaleel Karim,2025-04-25,16:05:17,-07:00,2025-04-25T16:05:17-07:00,0,50
global.js,107,js,5f225777,Khaleel Karim,2025-04-25,16:05:17,-07:00,2025-04-25T16:05:17-07:00,0,28
global.js,108,js,ab437383,Khaleel Karim,2025-05-03,11:21:18,-07:00,2025-05-03T11:21:18-07:00,0,41
global.js,109,js,ab437383,Khaleel Karim,2025-05-03,11:21:18,-07:00,2025-05-03T11:21:18-07:00,0,1
global.js,110,js,ab437383,Khaleel Karim,2025-05-03,11:21:18,-07:00,2025-05-03T11:21:18-07:00,0,37
global.js,111,js,5f225777,Khaleel Karim,2025-04-25,16:05:17,-07:00,2025-04-25T16:05:17-07:00,0,0
global.js,112,js,74e97392,Khaleel Karim,2025-04-25,17:25:24,-07:00,2025-04-25T17:25:24-07:00,0,0
global.js,113,js,74e97392,Khaleel Karim,2025-04-25,17:25:24,-07:00,2025-04-25T17:25:24-07:00,0,18
global.js,114,js,74e97392,Khaleel Karim,2025-04-25,17:25:24,-07:00,2025-04-25T17:25:24-07:00,0,61
global.js,115,js,a2b3735b,Khaleel Karim,2025-04-25,18:08:24,-07:00,2025-04-25T18:08:24-07:00,0,18
global.js,116,js,a2b3735b,Khaleel Karim,2025-04-25,18:08:24,-07:00,2025-04-25T18:08:24-07:00,0,53
global.js,117,js,a2b3735b,Khaleel Karim,2025-04-25,18:08:24,-07:00,2025-04-25T18:08:24-07:00,0,0
global.js,118,js,a2b3735b,Khaleel Karim,2025-04-25,18:08:24,-07:00,2025-04-25T18:08:24-07:00,0,0
global.js,119,js,5f225777,Khaleel Karim,2025-04-25,16:05:17,-07:00,2025-04-25T16:05:17-07:00,0,0
global.js,120,js,5f225777,Khaleel Karim,2025-04-25,16:05:17,-07:00,2025-04-25T16:05:17-07:00,0,0
global.js,121,js,5f225777,Khaleel Karim,2025-04-25,16:05:17,-07:00,2025-04-25T16:05:17-07:00,0,0
global.js,122,js,a2b3735b,Khaleel Karim,2025-04-25,18:08:24,-07:00,2025-04-25T18:08:24-07:00,0,48
global.js,123,js,a2b3735b,Khaleel Karim,2025-04-25,18:08:24,-07:00,2025-04-25T18:08:24-07:00,0,60
global.js,124,js,a2b3735b,Khaleel Karim,2025-04-25,18:08:24,-07:00,2025-04-25T18:08:24-07:00,0,0
global.js,125,js,a2b3735b,Khaleel Karim,2025-04-25,18:08:24,-07:00,2025-04-25T18:08:24-07:00,0,0
resume\index.html,1,html,2cb85056,Khaleel Karim,2025-04-04,18:47:34,-07:00,2025-04-04T18:47:34-07:00,0,14
resume\index.html,2,html,2cb85056,Khaleel Karim,2025-04-04,18:47:34,-07:00,2025-04-04T18:47:34-07:00,0,15
resume\index.html,3,html,2cb85056,Khaleel Karim,2025-04-04,18:47:34,-07:00,2025-04-04T18:47:34-07:00,0,5
resume\index.html,4,html,977fba9f,Khaleel Karim,2025-04-17,16:27:58,-07:00,2025-04-17T16:27:58-07:00,0,49
resume\index.html,5,html,521c18b2,Khaleel Karim,2025-04-11,18:29:05,-07:00,2025-04-11T18:29:05-07:00,0,42
resume\index.html,6,html,2cb85056,Khaleel Karim,2025-04-04,18:47:34,-07:00,2025-04-04T18:47:34-07:00,0,21
resume\index.html,7,html,2cb85056,Khaleel Karim,2025-04-04,18:47:34,-07:00,2025-04-04T18:47:34-07:00,0,69
resume\index.html,8,html,2cb85056,Khaleel Karim,2025-04-04,18:47:34,-07:00,2025-04-04T18:47:34-07:00,0,20
resume\index.html,9,html,977fba9f,Khaleel Karim,2025-04-17,16:27:58,-07:00,2025-04-17T16:27:58-07:00,0,9
resume\index.html,10,html,521c18b2,Khaleel Karim,2025-04-11,18:29:05,-07:00,2025-04-11T18:29:05-07:00,0,31
resume\index.html,11,html,521c18b2,Khaleel Karim,2025-04-11,18:29:05,-07:00,2025-04-11T18:29:05-07:00,0,42
resume\index.html,12,html,521c18b2,Khaleel Karim,2025-04-11,18:29:05,-07:00,2025-04-11T18:29:05-07:00,0,44
resume\index.html,13,html,977fba9f,Khaleel Karim,2025-04-17,16:27:58,-07:00,2025-04-17T16:27:58-07:00,0,20
resume\index.html,14,html,977fba9f,Khaleel Karim,2025-04-17,16:27:58,-07:00,2025-04-17T16:27:58-07:00,0,9
resume\index.html,15,html,0f453460,Khaleel Karim,2025-04-11,22:35:32,-07:00,2025-04-11T22:35:32-07:00,0,32
resume\index.html,16,html,2cb85056,Khaleel Karim,2025-04-04,18:47:34,-07:00,2025-04-04T18:47:34-07:00,0,0
resume\index.html,17,html,0f453460,Khaleel Karim,2025-04-11,22:35:32,-07:00,2025-04-11T22:35:32-07:00,0,23
resume\index.html,18,html,2cb85056,Khaleel Karim,2025-04-04,18:47:34,-07:00,2025-04-04T18:47:34-07:00,0,8
resume\index.html,19,html,2cb85056,Khaleel Karim,2025-04-04,18:47:34,-07:00,2025-04-04T18:47:34-07:00,0,17
resume\index.html,20,html,0f453460,Khaleel Karim,2025-04-11,22:35:32,-07:00,2025-04-11T22:35:32-07:00,0,72
resume\index.html,21,html,0f453460,Khaleel Karim,2025-04-11,22:35:32,-07:00,2025-04-11T22:35:32-07:00,0,77
resume\index.html,22,html,0f453460,Khaleel Karim,2025-04-11,22:35:32,-07:00,2025-04-11T22:35:32-07:00,0,115
resume\index.html,23,html,2cb85056,Khaleel Karim,2025-04-04,18:47:34,-07:00,2025-04-04T18:47:34-07:00,0,9
resume\index.html,24,html,2cb85056,Khaleel Karim,2025-04-04,18:47:34,-07:00,2025-04-04T18:47:34-07:00,0,0
resume\index.html,25,html,2cb85056,Khaleel Karim,2025-04-04,18:47:34,-07:00,2025-04-04T18:47:34-07:00,0,8
resume\index.html,26,html,2cb85056,Khaleel Karim,2025-04-04,18:47:34,-07:00,2025-04-04T18:47:34-07:00,0,27
resume\index.html,27,html,2cb85056,Khaleel Karim,2025-04-04,18:47:34,-07:00,2025-04-04T18:47:34-07:00,0,3
resume\index.html,28,html,2cb85056,Khaleel Karim,2025-04-04,18:47:34,-07:00,2025-04-04T18:47:34-07:00,0,24
resume\index.html,29,html,2cb85056,Khaleel Karim,2025-04-04,18:47:34,-07:00,2025-04-04T18:47:34-07:00,0,20
resume\index.html,30,html,2cb85056,Khaleel Karim,2025-04-04,18:47:34,-07:00,2025-04-04T18:47:34-07:00,0,17
resume\index.html,31,html,2cb85056,Khaleel Karim,2025-04-04,18:47:34,-07:00,2025-04-04T18:47:34-07:00,0,4
resume\index.html,32,html,2cb85056,Khaleel Karim,2025-04-04,18:47:34,-07:00,2025-04-04T18:47:34-07:00,0,9
resume\index.html,33,html,2cb85056,Khaleel Karim,2025-04-04,18:47:34,-07:00,2025-04-04T18:47:34-07:00,0,0
resume\index.html,34,html,2cb85056,Khaleel Karim,2025-04-04,18:47:34,-07:00,2025-04-04T18:47:34-07:00,0,8
resume\index.html,35,html,2cb85056,Khaleel Karim,2025-04-04,18:47:34,-07:00,2025-04-04T18:47:34-07:00,0,19
resume\index.html,36,html,2cb85056,Khaleel Karim,2025-04-04,18:47:34,-07:00,2025-04-04T18:47:34-07:00,0,3
resume\index.html,37,html,2cb85056,Khaleel Karim,2025-04-04,18:47:34,-07:00,2025-04-04T18:47:34-07:00,0,14
resume\index.html,38,html,2cb85056,Khaleel Karim,2025-04-04,18:47:34,-07:00,2025-04-04T18:47:34-07:00,0,12
resume\index.html,39,html,2cb85056,Khaleel Karim,2025-04-04,18:47:34,-07:00,2025-04-04T18:47:34-07:00,0,9
resume\index.html,40,html,2cb85056,Khaleel Karim,2025-04-04,18:47:34,-07:00,2025-04-04T18:47:34-07:00,0,11
resume\index.html,41,html,2cb85056,Khaleel Karim,2025-04-04,18:47:34,-07:00,2025-04-04T18:47:34-07:00,0,12
resume\index.html,42,html,2cb85056,Khaleel Karim,2025-04-04,18:47:34,-07:00,2025-04-04T18:47:34-07:00,0,11
resume\index.html,43,html,2cb85056,Khaleel Karim,2025-04-04,18:47:34,-07:00,2025-04-04T18:47:34-07:00,0,4
resume\index.html,44,html,2cb85056,Khaleel Karim,2025-04-04,18:47:34,-07:00,2025-04-04T18:47:34-07:00,0,9
resume\index.html,45,html,2cb85056,Khaleel Karim,2025-04-04,18:47:34,-07:00,2025-04-04T18:47:34-07:00,0,9
resume\index.html,46,html,2cb85056,Khaleel Karim,2025-04-04,18:47:34,-07:00,2025-04-04T18:47:34-07:00,0,0
resume\index.html,47,html,2cb85056,Khaleel Karim,2025-04-04,18:47:34,-07:00,2025-04-04T18:47:34-07:00,0,0
resume\index.html,48,html,0f453460,Khaleel Karim,2025-04-11,22:35:32,-07:00,2025-04-11T22:35:32-07:00,0,25
resume\index.html,49,html,2cb85056,Khaleel Karim,2025-04-04,18:47:34,-07:00,2025-04-04T18:47:34-07:00,0,16
resume\index.html,50,html,2cb85056,Khaleel Karim,2025-04-04,18:47:34,-07:00,2025-04-04T18:47:34-07:00,0,8
resume\index.html,51,html,2cb85056,Khaleel Karim,2025-04-04,18:47:34,-07:00,2025-04-04T18:47:34-07:00,0,28
resume\index.html,52,html,2cb85056,Khaleel Karim,2025-04-04,18:47:34,-07:00,2025-04-04T18:47:34-07:00,0,3
resume\index.html,53,html,2cb85056,Khaleel Karim,2025-04-04,18:47:34,-07:00,2025-04-04T18:47:34-07:00,0,127
resume\index.html,54,html,2cb85056,Khaleel Karim,2025-04-04,18:47:34,-07:00,2025-04-04T18:47:34-07:00,0,110
resume\index.html,55,html,2cb85056,Khaleel Karim,2025-04-04,18:47:34,-07:00,2025-04-04T18:47:34-07:00,0,199
resume\index.html,56,html,2cb85056,Khaleel Karim,2025-04-04,18:47:34,-07:00,2025-04-04T18:47:34-07:00,0,94
resume\index.html,57,html,2cb85056,Khaleel Karim,2025-04-04,18:47:34,-07:00,2025-04-04T18:47:34-07:00,0,4
resume\index.html,58,html,2cb85056,Khaleel Karim,2025-04-04,18:47:34,-07:00,2025-04-04T18:47:34-07:00,0,9
resume\index.html,59,html,2cb85056,Khaleel Karim,2025-04-04,18:47:34,-07:00,2025-04-04T18:47:34-07:00,0,9
resume\index.html,60,html,2cb85056,Khaleel Karim,2025-04-04,18:47:34,-07:00,2025-04-04T18:47:34-07:00,0,0
resume\index.html,61,html,2cb85056,Khaleel Karim,2025-04-04,18:47:34,-07:00,2025-04-04T18:47:34-07:00,0,0
resume\index.html,62,html,0f453460,Khaleel Karim,2025-04-11,22:35:32,-07:00,2025-04-11T22:35:32-07:00,0,27
resume\index.html,63,html,2cb85056,Khaleel Karim,2025-04-04,18:47:34,-07:00,2025-04-04T18:47:34-07:00,0,23
resume\index.html,64,html,2cb85056,Khaleel Karim,2025-04-04,18:47:34,-07:00,2025-04-04T18:47:34-07:00,0,8
resume\index.html,65,html,2cb85056,Khaleel Karim,2025-04-04,18:47:34,-07:00,2025-04-04T18:47:34-07:00,0,24
resume\index.html,66,html,0f453460,Khaleel Karim,2025-04-11,22:35:32,-07:00,2025-04-11T22:35:32-07:00,0,95
resume\index.html,67,html,2cb85056,Khaleel Karim,2025-04-04,18:47:34,-07:00,2025-04-04T18:47:34-07:00,0,92
resume\index.html,68,html,2cb85056,Khaleel Karim,2025-04-04,18:47:34,-07:00,2025-04-04T18:47:34-07:00,0,3
resume\index.html,69,html,2cb85056,Khaleel Karim,2025-04-04,18:47:34,-07:00,2025-04-04T18:47:34-07:00,0,115
resume\index.html,70,html,2cb85056,Khaleel Karim,2025-04-04,18:47:34,-07:00,2025-04-04T18:47:34-07:00,0,97
resume\index.html,71,html,2cb85056,Khaleel Karim,2025-04-04,18:47:34,-07:00,2025-04-04T18:47:34-07:00,0,4
resume\index.html,72,html,2cb85056,Khaleel Karim,2025-04-04,18:47:34,-07:00,2025-04-04T18:47:34-07:00,0,9
resume\index.html,73,html,2cb85056,Khaleel Karim,2025-04-04,18:47:34,-07:00,2025-04-04T18:47:34-07:00,0,9
resume\index.html,74,html,2cb85056,Khaleel Karim,2025-04-04,18:47:34,-07:00,2025-04-04T18:47:34-07:00,0,0
resume\index.html,75,html,2cb85056,Khaleel Karim,2025-04-04,18:47:34,-07:00,2025-04-04T18:47:34-07:00,0,18
resume\index.html,76,html,2cb85056,Khaleel Karim,2025-04-04,18:47:34,-07:00,2025-04-04T18:47:34-07:00,0,0
resume\index.html,77,html,2cb85056,Khaleel Karim,2025-04-04,18:47:34,-07:00,2025-04-04T18:47:34-07:00,0,6
resume\index.html,78,html,2cb85056,Khaleel Karim,2025-04-04,18:47:34,-07:00,2025-04-04T18:47:34-07:00,0,5
resume\index.html,79,html,2cb85056,Khaleel Karim,2025-04-04,18:47:34,-07:00,2025-04-04T18:47:34-07:00,0,0
resume\index.html,80,html,2cb85056,Khaleel Karim,2025-04-04,18:47:34,-07:00,2025-04-04T18:47:34-07:00,0,6
resume\index.html,81,html,2cb85056,Khaleel Karim,2025-04-04,18:47:34,-07:00,2025-04-04T18:47:34-07:00,0,6
projects\projects.js,1,js,ab437383,Khaleel Karim,2025-05-03,11:21:18,-07:00,2025-05-03T11:21:18-07:00,0,64
projects\projects.js,2,js,5f225777,Khaleel Karim,2025-04-25,16:05:17,-07:00,2025-04-25T16:05:17-07:00,0,56
projects\projects.js,3,js,5f225777,Khaleel Karim,2025-04-25,16:05:17,-07:00,2025-04-25T16:05:17-07:00,0,0
projects\projects.js,4,js,5f225777,Khaleel Karim,2025-04-25,16:05:17,-07:00,2025-04-25T16:05:17-07:00,0,18
projects\projects.js,5,js,5f225777,Khaleel Karim,2025-04-25,16:05:17,-07:00,2025-04-25T16:05:17-07:00,0,56
projects\projects.js,6,js,5f225777,Khaleel Karim,2025-04-25,16:05:17,-07:00,2025-04-25T16:05:17-07:00,0,61
projects\projects.js,7,js,5f225777,Khaleel Karim,2025-04-25,16:05:17,-07:00,2025-04-25T16:05:17-07:00,0,49
projects\projects.js,8,js,ab437383,Khaleel Karim,2025-05-03,11:21:18,-07:00,2025-05-03T11:21:18-07:00,0,0
projects\projects.js,9,js,ab437383,Khaleel Karim,2025-05-03,11:21:18,-07:00,2025-05-03T11:21:18-07:00,0,0
projects\projects.js,10,js,3623a482,Khaleel Karim,2025-05-03,11:44:57,-07:00,2025-05-03T11:44:57-07:00,0,0
projects\projects.js,11,js,00000000,Not Committed Yet,2025-05-10,22:28:38,-07:00,2025-05-10T22:28:38-07:00,0,26
projects\projects.js,12,js,00000000,Not Committed Yet,2025-05-10,22:28:38,-07:00,2025-05-10T22:28:38-07:00,0,14
projects\projects.js,13,js,3623a482,Khaleel Karim,2025-05-03,11:44:57,-07:00,2025-05-03T11:44:57-07:00,0,0
projects\projects.js,14,js,00000000,Not Committed Yet,2025-05-10,22:28:38,-07:00,2025-05-10T22:28:38-07:00,0,54
projects\projects.js,15,js,ab437383,Khaleel Karim,2025-05-03,11:21:18,-07:00,2025-05-03T11:21:18-07:00,0,0
projects\projects.js,16,js,ab437383,Khaleel Karim,2025-05-03,11:21:18,-07:00,2025-05-03T11:21:18-07:00,0,0
projects\projects.js,17,js,00000000,Not Committed Yet,2025-05-10,22:28:38,-07:00,2025-05-10T22:28:38-07:00,0,41
projects\projects.js,18,js,00000000,Not Committed Yet,2025-05-10,22:28:38,-07:00,2025-05-10T22:28:38-07:00,0,39
projects\projects.js,19,js,ab437383,Khaleel Karim,2025-05-03,11:21:18,-07:00,2025-05-03T11:21:18-07:00,0,0
projects\projects.js,20,js,00000000,Not Committed Yet,2025-05-10,22:28:38,-07:00,2025-05-10T22:28:38-07:00,0,58
projects\projects.js,21,js,00000000,Not Committed Yet,2025-05-10,22:28:38,-07:00,2025-05-10T22:28:38-07:00,0,26
projects\projects.js,22,js,00000000,Not Committed Yet,2025-05-10,22:28:38,-07:00,2025-05-10T22:28:38-07:00,0,30
projects\projects.js,23,js,00000000,Not Committed Yet,2025-05-10,22:28:38,-07:00,2025-05-10T22:28:38-07:00,0,13
projects\projects.js,24,js,00000000,Not Committed Yet,2025-05-10,22:28:38,-07:00,2025-05-10T22:28:38-07:00,0,15
projects\projects.js,25,js,00000000,Not Committed Yet,2025-05-10,22:28:38,-07:00,2025-05-10T22:28:38-07:00,0,13
projects\projects.js,26,js,00000000,Not Committed Yet,2025-05-10,22:28:38,-07:00,2025-05-10T22:28:38-07:00,0,1
projects\projects.js,27,js,00000000,Not Committed Yet,2025-05-10,22:28:38,-07:00,2025-05-10T22:28:38-07:00,0,19
projects\projects.js,28,js,00000000,Not Committed Yet,2025-05-10,22:28:38,-07:00,2025-05-10T22:28:38-07:00,0,51
projects\projects.js,29,js,00000000,Not Committed Yet,2025-05-10,22:28:38,-07:00,2025-05-10T22:28:38-07:00,0,45
projects\projects.js,30,js,00000000,Not Committed Yet,2025-05-10,22:28:38,-07:00,2025-05-10T22:28:38-07:00,0,2
projects\projects.js,31,js,00000000,Not Committed Yet,2025-05-10,22:28:38,-07:00,2025-05-10T22:28:38-07:00,0,51
projects\projects.js,32,js,00000000,Not Committed Yet,2025-05-10,22:28:38,-07:00,2025-05-10T22:28:38-07:00,0,54
projects\projects.js,33,js,00000000,Not Committed Yet,2025-05-10,22:28:38,-07:00,2025-05-10T22:28:38-07:00,0,43
projects\projects.js,34,js,00000000,Not Committed Yet,2025-05-10,22:28:38,-07:00,2025-05-10T22:28:38-07:00,0,52
projects\projects.js,35,js,00000000,Not Committed Yet,2025-05-10,22:28:38,-07:00,2025-05-10T22:28:38-07:00,0,34
projects\projects.js,36,js,00000000,Not Committed Yet,2025-05-10,22:28:38,-07:00,2025-05-10T22:28:38-07:00,0,70
projects\projects.js,37,js,00000000,Not Committed Yet,2025-05-10,22:28:38,-07:00,2025-05-10T22:28:38-07:00,0,55
projects\projects.js,38,js,00000000,Not Committed Yet,2025-05-10,22:28:38,-07:00,2025-05-10T22:28:38-07:00,0,58
projects\projects.js,39,js,3623a482,Khaleel Karim,2025-05-03,11:44:57,-07:00,2025-05-03T11:44:57-07:00,0,0
projects\projects.js,40,js,00000000,Not Committed Yet,2025-05-10,22:28:38,-07:00,2025-05-10T22:28:38-07:00,0,29
projects\projects.js,41,js,00000000,Not Committed Yet,2025-05-10,22:28:38,-07:00,2025-05-10T22:28:38-07:00,0,34
projects\projects.js,42,js,3623a482,Khaleel Karim,2025-05-03,11:44:57,-07:00,2025-05-03T11:44:57-07:00,0,0
projects\projects.js,43,js,00000000,Not Committed Yet,2025-05-10,22:28:38,-07:00,2025-05-10T22:28:38-07:00,0,54
projects\projects.js,44,js,00000000,Not Committed Yet,2025-05-10,22:28:38,-07:00,2025-05-10T22:28:38-07:00,0,48
projects\projects.js,45,js,00000000,Not Committed Yet,2025-05-10,22:28:38,-07:00,2025-05-10T22:28:38-07:00,0,30
projects\projects.js,46,js,00000000,Not Committed Yet,2025-05-10,22:28:38,-07:00,2025-05-10T22:28:38-07:00,0,30
projects\projects.js,47,js,00000000,Not Committed Yet,2025-05-10,22:28:38,-07:00,2025-05-10T22:28:38-07:00,0,41
projects\projects.js,48,js,00000000,Not Committed Yet,2025-05-10,22:28:38,-07:00,2025-05-10T22:28:38-07:00,0,2
projects\projects.js,49,js,00000000,Not Committed Yet,2025-05-10,22:28:38,-07:00,2025-05-10T22:28:38-07:00,0,0
projects\projects.js,50,js,00000000,Not Committed Yet,2025-05-10,22:28:38,-07:00,2025-05-10T22:28:38-07:00,0,15
projects\projects.js,51,js,00000000,Not Committed Yet,2025-05-10,22:28:38,-07:00,2025-05-10T22:28:38-07:00,0,36
projects\projects.js,52,js,00000000,Not Committed Yet,2025-05-10,22:28:38,-07:00,2025-05-10T22:28:38-07:00,0,28
projects\projects.js,53,js,00000000,Not Committed Yet,2025-05-10,22:28:38,-07:00,2025-05-10T22:28:38-07:00,0,8
projects\projects.js,54,js,00000000,Not Committed Yet,2025-05-10,22:28:38,-07:00,2025-05-10T22:28:38-07:00,0,12
projects\projects.js,55,js,00000000,Not Committed Yet,2025-05-10,22:28:38,-07:00,2025-05-10T22:28:38-07:00,0,94
projects\projects.js,56,js,00000000,Not Committed Yet,2025-05-10,22:28:38,-07:00,2025-05-10T22:28:38-07:00,0,100
projects\projects.js,57,js,00000000,Not Committed Yet,2025-05-10,22:28:38,-07:00,2025-05-10T22:28:38-07:00,0,2
projects\projects.js,58,js,00000000,Not Committed Yet,2025-05-10,22:28:38,-07:00,2025-05-10T22:28:38-07:00,0,0
projects\projects.js,59,js,00000000,Not Committed Yet,2025-05-10,22:28:38,-07:00,2025-05-10T22:28:38-07:00,0,0
projects\projects.js,60,js,00000000,Not Committed Yet,2025-05-10,22:28:38,-07:00,2025-05-10T22:28:38-07:00,0,0
projects\projects.js,61,js,00000000,Not Committed Yet,2025-05-10,22:28:38,-07:00,2025-05-10T22:28:38-07:00,0,0
projects\projects.js,62,js,00000000,Not Committed Yet,2025-05-10,22:28:38,-07:00,2025-05-10T22:28:38-07:00,0,24
projects\projects.js,63,js,3623a482,Khaleel Karim,2025-05-03,11:44:57,-07:00,2025-05-03T11:44:57-07:00,0,0
projects\projects.js,64,js,3623a482,Khaleel Karim,2025-05-03,11:44:57,-07:00,2025-05-03T11:44:57-07:00,0,50
projects\projects.js,65,js,3623a482,Khaleel Karim,2025-05-03,11:44:57,-07:00,2025-05-03T11:44:57-07:00,0,20
projects\projects.js,66,js,3623a482,Khaleel Karim,2025-05-03,11:44:57,-07:00,2025-05-03T11:44:57-07:00,0,26
projects\projects.js,67,js,00000000,Not Committed Yet,2025-05-10,22:28:38,-07:00,2025-05-10T22:28:38-07:00,0,0
projects\projects.js,68,js,00000000,Not Committed Yet,2025-05-10,22:28:38,-07:00,2025-05-10T22:28:38-07:00,0,21
projects\projects.js,69,js,00000000,Not Committed Yet,2025-05-10,22:28:38,-07:00,2025-05-10T22:28:38-07:00,0,52
projects\projects.js,70,js,00000000,Not Committed Yet,2025-05-10,22:28:38,-07:00,2025-05-10T22:28:38-07:00,0,60
projects\projects.js,71,js,00000000,Not Committed Yet,2025-05-10,22:28:38,-07:00,2025-05-10T22:28:38-07:00,0,43
projects\projects.js,72,js,00000000,Not Committed Yet,2025-05-10,22:28:38,-07:00,2025-05-10T22:28:38-07:00,0,2
projects\projects.js,73,js,3623a482,Khaleel Karim,2025-05-03,11:44:57,-07:00,2025-05-03T11:44:57-07:00,0,0
projects\projects.js,74,js,3623a482,Khaleel Karim,2025-05-03,11:44:57,-07:00,2025-05-03T11:44:57-07:00,0,32
projects\projects.js,75,js,00000000,Not Committed Yet,2025-05-10,22:28:38,-07:00,2025-05-10T22:28:38-07:00,0,57
projects\projects.js,76,js,00000000,Not Committed Yet,2025-05-10,22:28:38,-07:00,2025-05-10T22:28:38-07:00,0,32
projects\projects.js,77,js,00000000,Not Committed Yet,2025-05-10,22:28:38,-07:00,2025-05-10T22:28:38-07:00,0,0
projects\projects.js,78,js,00000000,Not Committed Yet,2025-05-10,22:28:38,-07:00,2025-05-10T22:28:38-07:00,0,2
projects\projects.js,79,js,00000000,Not Committed Yet,2025-05-10,22:28:38,-07:00,2025-05-10T22:28:38-07:00,0,0
projects\projects.js,80,js,00000000,Not Committed Yet,2025-05-10,22:28:38,-07:00,2025-05-10T22:28:38-07:00,0,25
projects\projects.js,81,js,00000000,Not Committed Yet,2025-05-10,22:28:38,-07:00,2025-05-10T22:28:38-07:00,0,0
projects\projects.js,82,js,00000000,Not Committed Yet,2025-05-10,22:28:38,-07:00,2025-05-10T22:28:38-07:00,0,29
projects\projects.js,83,js,00000000,Not Committed Yet,2025-05-10,22:28:38,-07:00,2025-05-10T22:28:38-07:00,0,33
projects\projects.js,84,js,00000000,Not Committed Yet,2025-05-10,22:28:38,-07:00,2025-05-10T22:28:38-07:00,0,28
projects\projects.js,85,js,00000000,Not Committed Yet,2025-05-10,22:28:38,-07:00,2025-05-10T22:28:38-07:00,0,7
projects\projects.js,86,js,00000000,Not Committed Yet,2025-05-10,22:28:38,-07:00,2025-05-10T22:28:38-07:00,0,21
projects\projects.js,87,js,00000000,Not Committed Yet,2025-05-10,22:28:38,-07:00,2025-05-10T22:28:38-07:00,0,21
projects\projects.js,88,js,00000000,Not Committed Yet,2025-05-10,22:28:38,-07:00,2025-05-10T22:28:38-07:00,0,30
projects\projects.js,89,js,00000000,Not Committed Yet,2025-05-10,22:28:38,-07:00,2025-05-10T22:28:38-07:00,0,26
projects\projects.js,90,js,00000000,Not Committed Yet,2025-05-10,22:28:38,-07:00,2025-05-10T22:28:38-07:00,0,59
projects\projects.js,91,js,00000000,Not Committed Yet,2025-05-10,22:28:38,-07:00,2025-05-10T22:28:38-07:00,0,53
projects\projects.js,92,js,00000000,Not Committed Yet,2025-05-10,22:28:38,-07:00,2025-05-10T22:28:38-07:00,0,0
projects\projects.js,93,js,00000000,Not Committed Yet,2025-05-10,22:28:38,-07:00,2025-05-10T22:28:38-07:00,0,11
projects\projects.js,94,js,00000000,Not Committed Yet,2025-05-10,22:28:38,-07:00,2025-05-10T22:28:38-07:00,0,28
projects\projects.js,95,js,00000000,Not Committed Yet,2025-05-10,22:28:38,-07:00,2025-05-10T22:28:38-07:00,0,38
projects\projects.js,96,js,00000000,Not Committed Yet,2025-05-10,22:28:38,-07:00,2025-05-10T22:28:38-07:00,0,82
projects\projects.js,97,js,00000000,Not Committed Yet,2025-05-10,22:28:38,-07:00,2025-05-10T22:28:38-07:00,0,54
projects\projects.js,98,js,00000000,Not Committed Yet,2025-05-10,22:28:38,-07:00,2025-05-10T22:28:38-07:00,0,13
projects\projects.js,99,js,00000000,Not Committed Yet,2025-05-10,22:28:38,-07:00,2025-05-10T22:28:38-07:00,0,0
projects\projects.js,100,js,00000000,Not Committed Yet,2025-05-10,22:28:38,-07:00,2025-05-10T22:28:38-07:00,0,9
projects\projects.js,101,js,00000000,Not Committed Yet,2025-05-10,22:28:38,-07:00,2025-05-10T22:28:38-07:00,0,0
projects\projects.js,102,js,00000000,Not Committed Yet,2025-05-10,22:28:38,-07:00,2025-05-10T22:28:38-07:00,0,5
projects\index.html,1,html,d3235872,Khaleel Karim,2025-04-04,14:45:06,-07:00,2025-04-04T14:45:06-07:00,0,14
projects\index.html,2,html,d3235872,Khaleel Karim,2025-04-04,14:45:06,-07:00,2025-04-04T14:45:06-07:00,0,15
projects\index.html,3,html,d3235872,Khaleel Karim,2025-04-04,14:45:06,-07:00,2025-04-04T14:45:06-07:00,0,5
projects\index.html,4,html,977fba9f,Khaleel Karim,2025-04-17,16:27:58,-07:00,2025-04-17T16:27:58-07:00,0,49
projects\index.html,5,html,74e97392,Khaleel Karim,2025-04-25,17:25:24,-07:00,2025-04-25T17:25:24-07:00,0,48
projects\index.html,6,html,521c18b2,Khaleel Karim,2025-04-11,18:29:05,-07:00,2025-04-11T18:29:05-07:00,0,42
projects\index.html,7,html,d3235872,Khaleel Karim,2025-04-04,14:45:06,-07:00,2025-04-04T14:45:06-07:00,0,21
projects\index.html,8,html,d3235872,Khaleel Karim,2025-04-04,14:45:06,-07:00,2025-04-04T14:45:06-07:00,0,69
projects\index.html,9,html,d3235872,Khaleel Karim,2025-04-04,14:45:06,-07:00,2025-04-04T14:45:06-07:00,0,22
projects\index.html,10,html,ab437383,Khaleel Karim,2025-05-03,11:21:18,-07:00,2025-05-03T11:21:18-07:00,0,0
projects\index.html,11,html,977fba9f,Khaleel Karim,2025-04-17,16:27:58,-07:00,2025-04-17T16:27:58-07:00,0,9
projects\index.html,12,html,521c18b2,Khaleel Karim,2025-04-11,18:29:05,-07:00,2025-04-11T18:29:05-07:00,0,31
projects\index.html,13,html,521c18b2,Khaleel Karim,2025-04-11,18:29:05,-07:00,2025-04-11T18:29:05-07:00,0,42
projects\index.html,14,html,977fba9f,Khaleel Karim,2025-04-17,16:27:58,-07:00,2025-04-17T16:27:58-07:00,0,22
projects\index.html,15,html,521c18b2,Khaleel Karim,2025-04-11,18:29:05,-07:00,2025-04-11T18:29:05-07:00,0,40
projects\index.html,16,html,977fba9f,Khaleel Karim,2025-04-17,16:27:58,-07:00,2025-04-17T16:27:58-07:00,0,9
projects\index.html,17,html,3623a482,Khaleel Karim,2025-05-03,11:44:57,-07:00,2025-05-03T11:44:57-07:00,0,0
projects\index.html,18,html,74e97392,Khaleel Karim,2025-04-25,17:25:24,-07:00,2025-04-25T17:25:24-07:00,0,39
projects\index.html,19,html,ab437383,Khaleel Karim,2025-05-03,11:21:18,-07:00,2025-05-03T11:21:18-07:00,0,0
projects\index.html,20,html,3623a482,Khaleel Karim,2025-05-03,11:44:57,-07:00,2025-05-03T11:44:57-07:00,0,22
projects\index.html,21,html,3623a482,Khaleel Karim,2025-05-03,11:44:57,-07:00,2025-05-03T11:44:57-07:00,0,55
projects\index.html,22,html,3623a482,Khaleel Karim,2025-05-03,11:44:57,-07:00,2025-05-03T11:44:57-07:00,0,24
projects\index.html,23,html,3623a482,Khaleel Karim,2025-05-03,11:44:57,-07:00,2025-05-03T11:44:57-07:00,0,5
projects\index.html,24,html,3623a482,Khaleel Karim,2025-05-03,11:44:57,-07:00,2025-05-03T11:44:57-07:00,0,0
projects\index.html,25,html,3623a482,Khaleel Karim,2025-05-03,11:44:57,-07:00,2025-05-03T11:44:57-07:00,0,5
projects\index.html,26,html,3623a482,Khaleel Karim,2025-05-03,11:44:57,-07:00,2025-05-03T11:44:57-07:00,0,16
projects\index.html,27,html,3623a482,Khaleel Karim,2025-05-03,11:44:57,-07:00,2025-05-03T11:44:57-07:00,0,12
projects\index.html,28,html,3623a482,Khaleel Karim,2025-05-03,11:44:57,-07:00,2025-05-03T11:44:57-07:00,0,27
projects\index.html,29,html,3623a482,Khaleel Karim,2025-05-03,11:44:57,-07:00,2025-05-03T11:44:57-07:00,0,32
projects\index.html,30,html,3623a482,Khaleel Karim,2025-05-03,11:44:57,-07:00,2025-05-03T11:44:57-07:00,0,1
projects\index.html,31,html,ab437383,Khaleel Karim,2025-05-03,11:21:18,-07:00,2025-05-03T11:21:18-07:00,0,0
projects\index.html,32,html,8194951a,Khaleel Karim,2025-04-11,21:30:27,-07:00,2025-04-11T21:30:27-07:00,0,21
projects\index.html,33,html,74e97392,Khaleel Karim,2025-04-25,17:25:24,-07:00,2025-04-25T17:25:24-07:00,0,13
projects\index.html,34,html,8194951a,Khaleel Karim,2025-04-11,21:30:27,-07:00,2025-04-11T21:30:27-07:00,0,30
projects\index.html,35,html,8194951a,Khaleel Karim,2025-04-11,21:30:27,-07:00,2025-04-11T21:30:27-07:00,0,71
projects\index.html,36,html,8194951a,Khaleel Karim,2025-04-11,21:30:27,-07:00,2025-04-11T21:30:27-07:00,0,225
projects\index.html,37,html,8194951a,Khaleel Karim,2025-04-11,21:30:27,-07:00,2025-04-11T21:30:27-07:00,0,9
projects\index.html,38,html,8194951a,Khaleel Karim,2025-04-11,21:30:27,-07:00,2025-04-11T21:30:27-07:00,0,8
projects\index.html,39,html,8194951a,Khaleel Karim,2025-04-11,21:30:27,-07:00,2025-04-11T21:30:27-07:00,0,32
projects\index.html,40,html,8194951a,Khaleel Karim,2025-04-11,21:30:27,-07:00,2025-04-11T21:30:27-07:00,0,71
projects\index.html,41,html,8194951a,Khaleel Karim,2025-04-11,21:30:27,-07:00,2025-04-11T21:30:27-07:00,0,216
projects\index.html,42,html,8194951a,Khaleel Karim,2025-04-11,21:30:27,-07:00,2025-04-11T21:30:27-07:00,0,9
projects\index.html,43,html,8194951a,Khaleel Karim,2025-04-11,21:30:27,-07:00,2025-04-11T21:30:27-07:00,0,8
projects\index.html,44,html,8194951a,Khaleel Karim,2025-04-11,21:30:27,-07:00,2025-04-11T21:30:27-07:00,0,36
projects\index.html,45,html,8194951a,Khaleel Karim,2025-04-11,21:30:27,-07:00,2025-04-11T21:30:27-07:00,0,71
projects\index.html,46,html,8194951a,Khaleel Karim,2025-04-11,21:30:27,-07:00,2025-04-11T21:30:27-07:00,0,217
projects\index.html,47,html,8194951a,Khaleel Karim,2025-04-11,21:30:27,-07:00,2025-04-11T21:30:27-07:00,0,9
projects\index.html,48,html,8194951a,Khaleel Karim,2025-04-11,21:30:27,-07:00,2025-04-11T21:30:27-07:00,0,8
projects\index.html,49,html,8194951a,Khaleel Karim,2025-04-11,21:30:27,-07:00,2025-04-11T21:30:27-07:00,0,34
projects\index.html,50,html,8194951a,Khaleel Karim,2025-04-11,21:30:27,-07:00,2025-04-11T21:30:27-07:00,0,71
projects\index.html,51,html,8194951a,Khaleel Karim,2025-04-11,21:30:27,-07:00,2025-04-11T21:30:27-07:00,0,234
projects\index.html,52,html,8194951a,Khaleel Karim,2025-04-11,21:30:27,-07:00,2025-04-11T21:30:27-07:00,0,9
projects\index.html,53,html,8194951a,Khaleel Karim,2025-04-11,21:30:27,-07:00,2025-04-11T21:30:27-07:00,0,8
projects\index.html,54,html,8194951a,Khaleel Karim,2025-04-11,21:30:27,-07:00,2025-04-11T21:30:27-07:00,0,35
projects\index.html,55,html,8194951a,Khaleel Karim,2025-04-11,21:30:27,-07:00,2025-04-11T21:30:27-07:00,0,71
projects\index.html,56,html,8194951a,Khaleel Karim,2025-04-11,21:30:27,-07:00,2025-04-11T21:30:27-07:00,0,241
projects\index.html,57,html,8194951a,Khaleel Karim,2025-04-11,21:30:27,-07:00,2025-04-11T21:30:27-07:00,0,9
projects\index.html,58,html,8194951a,Khaleel Karim,2025-04-11,21:30:27,-07:00,2025-04-11T21:30:27-07:00,0,8
projects\index.html,59,html,8194951a,Khaleel Karim,2025-04-11,21:30:27,-07:00,2025-04-11T21:30:27-07:00,0,50
projects\index.html,60,html,8194951a,Khaleel Karim,2025-04-11,21:30:27,-07:00,2025-04-11T21:30:27-07:00,0,71
projects\index.html,61,html,8194951a,Khaleel Karim,2025-04-11,21:30:27,-07:00,2025-04-11T21:30:27-07:00,0,245
projects\index.html,62,html,8194951a,Khaleel Karim,2025-04-11,21:30:27,-07:00,2025-04-11T21:30:27-07:00,0,9
projects\index.html,63,html,8194951a,Khaleel Karim,2025-04-11,21:30:27,-07:00,2025-04-11T21:30:27-07:00,0,8
projects\index.html,64,html,8194951a,Khaleel Karim,2025-04-11,21:30:27,-07:00,2025-04-11T21:30:27-07:00,0,32
projects\index.html,65,html,8194951a,Khaleel Karim,2025-04-11,21:30:27,-07:00,2025-04-11T21:30:27-07:00,0,71
projects\index.html,66,html,8194951a,Khaleel Karim,2025-04-11,21:30:27,-07:00,2025-04-11T21:30:27-07:00,0,260
projects\index.html,67,html,8194951a,Khaleel Karim,2025-04-11,21:30:27,-07:00,2025-04-11T21:30:27-07:00,0,9
projects\index.html,68,html,8194951a,Khaleel Karim,2025-04-11,21:30:27,-07:00,2025-04-11T21:30:27-07:00,0,8
projects\index.html,69,html,8194951a,Khaleel Karim,2025-04-11,21:30:27,-07:00,2025-04-11T21:30:27-07:00,0,34
projects\index.html,70,html,8194951a,Khaleel Karim,2025-04-11,21:30:27,-07:00,2025-04-11T21:30:27-07:00,0,71
projects\index.html,71,html,8194951a,Khaleel Karim,2025-04-11,21:30:27,-07:00,2025-04-11T21:30:27-07:00,0,240
projects\index.html,72,html,8194951a,Khaleel Karim,2025-04-11,21:30:27,-07:00,2025-04-11T21:30:27-07:00,0,9
projects\index.html,73,html,8194951a,Khaleel Karim,2025-04-11,21:30:27,-07:00,2025-04-11T21:30:27-07:00,0,8
projects\index.html,74,html,8194951a,Khaleel Karim,2025-04-11,21:30:27,-07:00,2025-04-11T21:30:27-07:00,0,33
projects\index.html,75,html,8194951a,Khaleel Karim,2025-04-11,21:30:27,-07:00,2025-04-11T21:30:27-07:00,0,71
projects\index.html,76,html,8194951a,Khaleel Karim,2025-04-11,21:30:27,-07:00,2025-04-11T21:30:27-07:00,0,209
projects\index.html,77,html,8194951a,Khaleel Karim,2025-04-11,21:30:27,-07:00,2025-04-11T21:30:27-07:00,0,9
projects\index.html,78,html,8194951a,Khaleel Karim,2025-04-11,21:30:27,-07:00,2025-04-11T21:30:27-07:00,0,8
projects\index.html,79,html,8194951a,Khaleel Karim,2025-04-11,21:30:27,-07:00,2025-04-11T21:30:27-07:00,0,43
projects\index.html,80,html,8194951a,Khaleel Karim,2025-04-11,21:30:27,-07:00,2025-04-11T21:30:27-07:00,0,71
projects\index.html,81,html,8194951a,Khaleel Karim,2025-04-11,21:30:27,-07:00,2025-04-11T21:30:27-07:00,0,242
projects\index.html,82,html,8194951a,Khaleel Karim,2025-04-11,21:30:27,-07:00,2025-04-11T21:30:27-07:00,0,9
projects\index.html,83,html,8194951a,Khaleel Karim,2025-04-11,21:30:27,-07:00,2025-04-11T21:30:27-07:00,0,8
projects\index.html,84,html,8194951a,Khaleel Karim,2025-04-11,21:30:27,-07:00,2025-04-11T21:30:27-07:00,0,33
projects\index.html,85,html,8194951a,Khaleel Karim,2025-04-11,21:30:27,-07:00,2025-04-11T21:30:27-07:00,0,71
projects\index.html,86,html,8194951a,Khaleel Karim,2025-04-11,21:30:27,-07:00,2025-04-11T21:30:27-07:00,0,237
projects\index.html,87,html,8194951a,Khaleel Karim,2025-04-11,21:30:27,-07:00,2025-04-11T21:30:27-07:00,0,9
projects\index.html,88,html,8194951a,Khaleel Karim,2025-04-11,21:30:27,-07:00,2025-04-11T21:30:27-07:00,0,8
projects\index.html,89,html,8194951a,Khaleel Karim,2025-04-11,21:30:27,-07:00,2025-04-11T21:30:27-07:00,0,30
projects\index.html,90,html,8194951a,Khaleel Karim,2025-04-11,21:30:27,-07:00,2025-04-11T21:30:27-07:00,0,71
projects\index.html,91,html,8194951a,Khaleel Karim,2025-04-11,21:30:27,-07:00,2025-04-11T21:30:27-07:00,0,229
projects\index.html,92,html,74e97392,Khaleel Karim,2025-04-25,17:25:24,-07:00,2025-04-25T17:25:24-07:00,0,13
projects\index.html,93,html,8194951a,Khaleel Karim,2025-04-11,21:30:27,-07:00,2025-04-11T21:30:27-07:00,0,5
projects\index.html,94,html,8194951a,Khaleel Karim,2025-04-11,21:30:27,-07:00,2025-04-11T21:30:27-07:00,0,0
projects\index.html,95,html,d3235872,Khaleel Karim,2025-04-04,14:45:06,-07:00,2025-04-04T14:45:06-07:00,0,6
projects\index.html,96,html,d3235872,Khaleel Karim,2025-04-04,14:45:06,-07:00,2025-04-04T14:45:06-07:00,0,5
projects\index.html,97,html,d3235872,Khaleel Karim,2025-04-04,14:45:06,-07:00,2025-04-04T14:45:06-07:00,0,0
projects\index.html,98,html,d3235872,Khaleel Karim,2025-04-04,14:45:06,-07:00,2025-04-04T14:45:06-07:00,0,6
projects\index.html,99,html,d3235872,Khaleel Karim,2025-04-04,14:45:06,-07:00,2025-04-04T14:45:06-07:00,0,6
contact\index.html,1,html,d3235872,Khaleel Karim,2025-04-04,14:45:06,-07:00,2025-04-04T14:45:06-07:00,0,14
contact\index.html,2,html,d3235872,Khaleel Karim,2025-04-04,14:45:06,-07:00,2025-04-04T14:45:06-07:00,0,15
contact\index.html,3,html,d3235872,Khaleel Karim,2025-04-04,14:45:06,-07:00,2025-04-04T14:45:06-07:00,0,5
contact\index.html,4,html,977fba9f,Khaleel Karim,2025-04-17,16:27:58,-07:00,2025-04-17T16:27:58-07:00,0,49
contact\index.html,5,html,521c18b2,Khaleel Karim,2025-04-11,18:29:05,-07:00,2025-04-11T18:29:05-07:00,0,42
contact\index.html,6,html,d3235872,Khaleel Karim,2025-04-04,14:45:06,-07:00,2025-04-04T14:45:06-07:00,0,21
contact\index.html,7,html,d3235872,Khaleel Karim,2025-04-04,14:45:06,-07:00,2025-04-04T14:45:06-07:00,0,69
contact\index.html,8,html,d3235872,Khaleel Karim,2025-04-04,14:45:06,-07:00,2025-04-04T14:45:06-07:00,0,21
contact\index.html,9,html,977fba9f,Khaleel Karim,2025-04-17,16:27:58,-07:00,2025-04-17T16:27:58-07:00,0,9
contact\index.html,10,html,521c18b2,Khaleel Karim,2025-04-11,18:29:05,-07:00,2025-04-11T18:29:05-07:00,0,31
contact\index.html,11,html,977fba9f,Khaleel Karim,2025-04-17,16:27:58,-07:00,2025-04-17T16:27:58-07:00,0,21
contact\index.html,12,html,521c18b2,Khaleel Karim,2025-04-11,18:29:05,-07:00,2025-04-11T18:29:05-07:00,0,44
contact\index.html,13,html,521c18b2,Khaleel Karim,2025-04-11,18:29:05,-07:00,2025-04-11T18:29:05-07:00,0,40
contact\index.html,14,html,977fba9f,Khaleel Karim,2025-04-17,16:27:58,-07:00,2025-04-17T16:27:58-07:00,0,9
contact\index.html,15,html,d3235872,Khaleel Karim,2025-04-04,14:45:06,-07:00,2025-04-04T14:45:06-07:00,0,20
contact\index.html,16,html,2cb85056,Khaleel Karim,2025-04-04,18:47:34,-07:00,2025-04-04T18:47:34-07:00,0,0
contact\index.html,17,html,2cb85056,Khaleel Karim,2025-04-04,18:47:34,-07:00,2025-04-04T18:47:34-07:00,0,79
contact\index.html,18,html,2cb85056,Khaleel Karim,2025-04-04,18:47:34,-07:00,2025-04-04T18:47:34-07:00,0,18
contact\index.html,19,html,2cb85056,Khaleel Karim,2025-04-04,18:47:34,-07:00,2025-04-04T18:47:34-07:00,0,39
contact\index.html,20,html,2cb85056,Khaleel Karim,2025-04-04,18:47:34,-07:00,2025-04-04T18:47:34-07:00,0,7
contact\index.html,21,html,2cb85056,Khaleel Karim,2025-04-04,18:47:34,-07:00,2025-04-04T18:47:34-07:00,0,0
contact\index.html,22,html,2cb85056,Khaleel Karim,2025-04-04,18:47:34,-07:00,2025-04-04T18:47:34-07:00,0,20
contact\index.html,23,html,2cb85056,Khaleel Karim,2025-04-04,18:47:34,-07:00,2025-04-04T18:47:34-07:00,0,30
contact\index.html,24,html,2cb85056,Khaleel Karim,2025-04-04,18:47:34,-07:00,2025-04-04T18:47:34-07:00,0,7
contact\index.html,25,html,2cb85056,Khaleel Karim,2025-04-04,18:47:34,-07:00,2025-04-04T18:47:34-07:00,0,0
contact\index.html,26,html,2cb85056,Khaleel Karim,2025-04-04,18:47:34,-07:00,2025-04-04T18:47:34-07:00,0,17
contact\index.html,27,html,2cb85056,Khaleel Karim,2025-04-04,18:47:34,-07:00,2025-04-04T18:47:34-07:00,0,38
contact\index.html,28,html,2cb85056,Khaleel Karim,2025-04-04,18:47:34,-07:00,2025-04-04T18:47:34-07:00,0,7
contact\index.html,29,html,2cb85056,Khaleel Karim,2025-04-04,18:47:34,-07:00,2025-04-04T18:47:34-07:00,0,0
contact\index.html,30,html,2cb85056,Khaleel Karim,2025-04-04,18:47:34,-07:00,2025-04-04T18:47:34-07:00,0,22
contact\index.html,31,html,2cb85056,Khaleel Karim,2025-04-04,18:47:34,-07:00,2025-04-04T18:47:34-07:00,0,6
contact\index.html,32,html,2cb85056,Khaleel Karim,2025-04-04,18:47:34,-07:00,2025-04-04T18:47:34-07:00,0,0
contact\index.html,33,html,d3235872,Khaleel Karim,2025-04-04,14:45:06,-07:00,2025-04-04T14:45:06-07:00,0,6
contact\index.html,34,html,d3235872,Khaleel Karim,2025-04-04,14:45:06,-07:00,2025-04-04T14:45:06-07:00,0,5
contact\index.html,35,html,d3235872,Khaleel Karim,2025-04-04,14:45:06,-07:00,2025-04-04T14:45:06-07:00,0,0
contact\index.html,36,html,d3235872,Khaleel Karim,2025-04-04,14:45:06,-07:00,2025-04-04T14:45:06-07:00,0,6
contact\index.html,37,html,d3235872,Khaleel Karim,2025-04-04,14:45:06,-07:00,2025-04-04T14:45:06-07:00,0,6
